[dash] I: encoder: /home/deepak7121/REMOTEAPPS/thin-client/4K/swiftrade_av_21min.mp4 (1280x720 @60 fps) -> DASH live
[dash] I: manifest live.mpd: availabilityStartTime=yes frameRate=yes SegmentTemplate=yes SegmentTimeline=yes
[dash] I: serving MPD at http://0.0.0.0:8080/live.mpd (/tmp/vmc_dash_out/44926)
[dash] D: GET /live.mpd
[dash] I: stats: req=1 mpd=1 seg=0 404=0 full=1 prog=0 hold=0 (0 ms avg) restart=0
[dash] D: GET /live.mpd
[dash] D: GET /live.mpd
[dash] D: GET /live.mpd
[dash] D: GET /live.mpd
[mp4 @ 0x5adca260f980] Application provided duration: -1 / timestamp: 177151 is out of range for mov/mp4 format
[dash] D: GET /live.mpd
[dash] D: GET /init-stream0.m4s
[dash] D: GET /init-stream1.m4s
[dash] D: GET /live.mpd
[dash] D: GET /chunk-stream1-00001.m4s
[dash] D: GET /chunk-stream1-00002.m4s
[dash] D: GET /chunk-stream0-00001.m4s
[dash] D: GET /chunk-stream0-00002.m4s
[dash] D: GET /live.mpd
[dash] D: GET /live.mpd
[dash] D: GET /chunk-stream1-00003.m4s
[dash] D: GET /chunk-stream0-00003.m4s
[mp4 @ 0x5adca260f980] Application provided duration: -1 / timestamp: 221183 is out of range for mov/mp4 format
[dash] D: GET /live.mpd
[dash] D: GET /live.mpd
[dash] D: GET /chunk-stream1-00004.m4s
[dash] D: GET /chunk-stream0-00004.m4s
[dash] D: GET /live.mpd
[dash] I: stats: req=22 mpd=12 seg=10 404=0 full=22 prog=0 hold=0 (0 ms avg) restart=0
[dash] D: GET /live.mpd
[dash] D: GET /chunk-stream1-00005.m4s
[dash] D: GET /chunk-stream0-00005.m4s
[dash] D: GET /live.mpd
[dash] D: GET /live.mpd
[dash] D: GET /chunk-stream1-00006.m4s
[dash] D: GET /chunk-stream0-00006.m4s
[dash] D: GET /live.mpd
[dash] D: GET /live.mpd
[dash] D: GET /chunk-stream1-00007.m4s
[dash] D: GET /chunk-stream0-00007.m4s
[dash] D: GET /live.mpd
[dash] D: GET /live.mpd
[dash] D: GET /chunk-stream1-00008.m4s
[dash] D: GET /chunk-stream0-00008.m4s
[dash] D: GET /live.mpd
[dash] D: GET /live.mpd
[dash] D: GET /chunk-stream1-00009.m4s
[dash] D: GET /chunk-stream0-00009.m4s
[dash] D: GET /live.mpd
[dash] I: stats: req=42 mpd=22 seg=20 404=0 full=42 prog=0 hold=0 (0 ms avg) restart=0
[dash] D: GET /live.mpd
[dash] D: GET /chunk-stream1-00010.m4s
[dash] D: GET /chunk-stream0-00010.m4s
[dash] D: GET /live.mpd
[dash] D: GET /live.mpd
[dash] D: GET /chunk-stream1-00011.m4s
[dash] D: GET /chunk-stream0-00011.m4s
[dash] D: GET /live.mpd
[dash] D: GET /live.mpd
[dash] D: GET /chunk-stream1-00012.m4s
[dash] D: GET /chunk-stream0-00012.m4s
[dash] D: GET /live.mpd
[dash] D: GET /live.mpd
[dash] D: GET /live.mpd
[dash] D: GET /chunk-stream1-00013.m4s
[dash] D: GET /chunk-stream0-00013.m4s
[dash] D: GET /live.mpd
[dash] D: GET /live.mpd
[dash] D: GET /chunk-stream1-00014.m4s
[dash] D: GET /chunk-stream0-00014.m4s
[dash] D: GET /live.mpd
[dash] D: GET /live.mpd
[dash] D: GET /live.mpd
[dash] D: GET /chunk-stream1-00015.m4s
[dash] D: GET /chunk-stream0-00015.m4s
[dash] I: stats: req=67 mpd=35 seg=32 404=0 full=67 prog=0 hold=0 (0 ms avg) restart=0
[mp4 @ 0x5adca260f980] Application provided duration: -1 / timestamp: 750591 is out of range for mov/mp4 format
[dash] D: GET /live.mpd
[dash] D: GET /live.mpd
[dash] D: GET /chunk-stream1-00016.m4s
[dash] D: GET /chunk-stream0-00016.m4s
[dash] D: GET /live.mpd
[dash] D: GET /live.mpd
[dash] D: GET /chunk-stream1-00017.m4s
[dash] D: GET /chunk-stream0-00017.m4s
[dash] D: GET /live.mpd
[dash] D: GET /live.mpd
[dash] D: GET /chunk-stream1-00018.m4s
[dash] D: GET /chunk-stream0-00018.m4s
[dash] D: GET /live.mpd
[dash] D: GET /live.mpd
[dash] D: GET /chunk-stream1-00019.m4s
[dash] D: GET /chunk-stream0-00019.m4s
[mp4 @ 0x5adca260f980] Application provided duration: -1 / timestamp: 926719 is out of range for mov/mp4 format
[dash] D: GET /live.mpd
[dash] D: GET /live.mpd
[dash] D: GET /chunk-stream1-00020.m4s
[dash] D: GET /chunk-stream0-00020.m4s
[dash] D: GET /live.mpd
[dash] I: stats: req=88 mpd=46 seg=42 404=0 full=88 prog=0 hold=0 (0 ms avg) restart=0
[dash] D: GET /live.mpd
[dash] D: GET /live.mpd
[dash] D: GET /chunk-stream1-00021.m4s
[dash] D: GET /chunk-stream0-00021.m4s
[dash] D: GET /live.mpd
[dash] D: GET /live.mpd
[dash] D: GET /live.mpd
[dash] D: GET /chunk-stream1-00022.m4s
[dash] D: GET /chunk-stream0-00022.m4s
[dash] D: GET /live.mpd
[dash] D: GET /live.mpd
[dash] D: GET /live.mpd
[dash] D: GET /live.mpd
[dash] D: GET /chunk-stream1-00023.m4s
[dash] D: GET /chunk-stream0-00023.m4s
[dash] D: GET /live.mpd
[dash] D: GET /live.mpd
[dash] D: GET /live.mpd
[dash] D: GET /chunk-stream1-00024.m4s
[dash] D: GET /chunk-stream0-00024.m4s
[dash] D: GET /live.mpd
[dash] D: GET /live.mpd
[dash] D: GET /live.mpd
[dash] D: GET /chunk-stream1-00025.m4s
[dash] D: GET /chunk-stream0-00025.m4s
[dash] D: GET /live.mpd
[dash] D: GET /live.mpd
[dash] I: stats: req=115 mpd=63 seg=52 404=0 full=115 prog=0 hold=0 (0 ms avg) restart=0
[dash] D: GET /live.mpd
[dash] D: GET /chunk-stream1-00026.m4s
[dash] D: GET /chunk-stream0-00026.m4s
[dash] D: GET /live.mpd
[dash] D: GET /live.mpd
[dash] D: GET /live.mpd
[dash] D: GET /chunk-stream1-00027.m4s
[dash] D: GET /chunk-stream0-00027.m4s
[dash] D: GET /live.mpd
[dash] D: GET /live.mpd
[dash] D: GET /live.mpd
[dash] D: GET /chunk-stream1-00028.m4s
[dash] D: GET /chunk-stream0-00028.m4s
[dash] D: GET /live.mpd
[dash] D: GET /live.mpd
[dash] D: GET /live.mpd
[dash] D: GET /chunk-stream1-00029.m4s
[dash] D: GET /chunk-stream0-00029.m4s
[dash] D: GET /live.mpd
[dash] D: GET /live.mpd
[dash] D: GET /live.mpd
[dash] D: GET /chunk-stream1-00030.m4s
[dash] D: GET /chunk-stream0-00030.m4s
[mp4 @ 0x5adca260f980] Application provided duration: -1 / timestamp: 1412095 is out of range for mov/mp4 format
[dash] D: GET /live.mpd
[dash] D: GET /live.mpd
[dash] D: GET /live.mpd
[dash] I: stats: req=141 mpd=79 seg=62 404=0 full=141 prog=0 hold=0 (0 ms avg) restart=0
[dash] D: GET /chunk-stream1-00031.m4s
[dash] D: GET /chunk-stream0-00031.m4s
[mp4 @ 0x5adca260f980] Application provided duration: -1 / timestamp: 1456127 is out of range for mov/mp4 format
[dash] D: GET /live.mpd
[dash] D: GET /live.mpd
[dash] D: GET /live.mpd
[dash] D: GET /chunk-stream1-00032.m4s
[dash] D: GET /chunk-stream0-00032.m4s
[dash] D: GET /live.mpd
[dash] D: GET /live.mpd
[dash] D: GET /live.mpd
[dash] D: GET /chunk-stream1-00033.m4s
[dash] D: GET /chunk-stream0-00033.m4s
[dash] D: GET /live.mpd
[dash] D: GET /live.mpd
[dash] D: GET /live.mpd
[dash] D: GET /chunk-stream1-00034.m4s
[dash] D: GET /chunk-stream0-00034.m4s
[dash] D: GET /live.mpd
[dash] D: GET /live.mpd
[dash] D: GET /live.mpd
[dash] D: GET /chunk-stream1-00035.m4s
[dash] D: GET /chunk-stream0-00035.m4s
[dash] D: GET /live.mpd
[dash] D: GET /live.mpd
[dash] D: GET /live.mpd
[dash] D: GET /chunk-stream1-00036.m4s
[dash] D: GET /chunk-stream0-00036.m4s
[dash] I: stats: req=168 mpd=94 seg=74 404=0 full=168 prog=0 hold=0 (0 ms avg) restart=0
[dash] D: GET /live.mpd
[dash] D: GET /live.mpd
[dash] D: GET /live.mpd
[dash] D: GET /chunk-stream1-00037.m4s
[dash] D: GET /chunk-stream0-00037.m4s
[dash] D: GET /live.mpd
[dash] D: GET /live.mpd
[dash] D: GET /live.mpd
[dash] D: GET /chunk-stream1-00038.m4s
[dash] D: GET /chunk-stream0-00038.m4s
[mp4 @ 0x5adca260f980] Application provided duration: -1 / timestamp: 1764351 is out of range for mov/mp4 format
[dash] D: GET /live.mpd
[dash] D: GET /live.mpd
[dash] D: GET /live.mpd
[dash] D: GET /chunk-stream1-00039.m4s
[dash] D: GET /chunk-stream0-00039.m4s
[dash] D: GET /live.mpd
[dash] D: GET /live.mpd
[dash] D: GET /live.mpd
[dash] D: GET /chunk-stream1-00040.m4s
[dash] D: GET /chunk-stream0-00040.m4s
[dash] D: GET /live.mpd
[dash] D: GET /live.mpd
[dash] D: GET /live.mpd
[dash] D: GET /chunk-stream1-00041.m4s
[dash] D: GET /chunk-stream0-00041.m4s
[dash] I: stats: req=193 mpd=109 seg=84 404=0 full=193 prog=0 hold=0 (0 ms avg) restart=0
[dash] D: GET /live.mpd
[dash] D: GET /live.mpd
[dash] D: GET /live.mpd
[dash] D: GET /chunk-stream1-00042.m4s
[dash] D: GET /chunk-stream0-00042.m4s
[dash] D: GET /live.mpd
[dash] D: GET /live.mpd
[dash] D: GET /live.mpd
[dash] D: GET /chunk-stream1-00043.m4s
[dash] D: GET /chunk-stream0-00043.m4s
[dash] D: GET /live.mpd
[dash] D: GET /live.mpd
[dash] D: GET /live.mpd
[dash] D: GET /chunk-stream1-00044.m4s
[dash] D: GET /chunk-stream0-00044.m4s
[dash] D: GET /live.mpd
[dash] D: GET /live.mpd
[dash] D: GET /live.mpd
[dash] D: GET /chunk-stream1-00045.m4s
[dash] D: GET /chunk-stream0-00045.m4s
[dash] D: GET /live.mpd
[dash] D: GET /live.mpd
[dash] D: GET /live.mpd
[dash] D: GET /chunk-stream1-00046.m4s
[dash] D: GET /chunk-stream0-00046.m4s
[dash] D: GET /live.mpd
[dash] I: stats: req=219 mpd=125 seg=94 404=0 full=219 prog=0 hold=0 (0 ms avg) restart=0
[dash] D: GET /live.mpd
[dash] D: GET /live.mpd
[dash] D: GET /chunk-stream1-00047.m4s
[dash] D: GET /chunk-stream0-00047.m4s
[dash] D: GET /live.mpd
[dash] D: GET /live.mpd
[dash] D: GET /live.mpd
[dash] D: GET /chunk-stream1-00048.m4s
[dash] D: GET /chunk-stream0-00048.m4s
[dash] D: GET /live.mpd
[dash] D: GET /live.mpd
[dash] D: GET /live.mpd
[dash] D: GET /chunk-stream1-00049.m4s
[dash] D: GET /chunk-stream0-00049.m4s
[dash] D: GET /live.mpd
[dash] D: GET /live.mpd
[dash] D: GET /live.mpd
[dash] D: GET /chunk-stream1-00050.m4s
[dash] D: GET /chunk-stream0-00050.m4s
[dash] D: GET /live.mpd
[dash] D: GET /live.mpd
[dash] D: GET /live.mpd
[dash] D: GET /chunk-stream1-00051.m4s
[dash] D: GET /chunk-stream0-00051.m4s
[dash] D: GET /live.mpd
[dash] D: GET /live.mpd
[dash] I: stats: req=245 mpd=141 seg=104 404=0 full=245 prog=0 hold=0 (0 ms avg) restart=0
[dash] D: GET /live.mpd
[dash] D: GET /chunk-stream1-00052.m4s
[dash] D: GET /chunk-stream0-00052.m4s
[dash] D: GET /live.mpd
[dash] D: GET /live.mpd
[dash] D: GET /live.mpd
[dash] D: GET /chunk-stream1-00053.m4s
[dash] D: GET /chunk-stream0-00053.m4s
[dash] D: GET /live.mpd
[dash] D: GET /live.mpd
[dash] D: GET /live.mpd
[dash] D: GET /chunk-stream1-00054.m4s
[dash] D: GET /chunk-stream0-00054.m4s
[dash] D: GET /live.mpd
[dash] D: GET /live.mpd
[dash] D: GET /live.mpd
[dash] D: GET /chunk-stream1-00055.m4s
[dash] D: GET /chunk-stream0-00055.m4s
[dash] D: GET /live.mpd
[dash] D: GET /live.mpd
[dash] D: GET /live.mpd
[dash] D: GET /chunk-stream1-00056.m4s
[dash] D: GET /chunk-stream0-00056.m4s
[dash] D: GET /live.mpd
[dash] D: GET /live.mpd
[dash] I: stats: req=270 mpd=156 seg=114 404=0 full=270 prog=0 hold=0 (0 ms avg) restart=0
[dash] D: GET /live.mpd
[dash] D: GET /chunk-stream1-00057.m4s
[dash] D: GET /chunk-stream0-00057.m4s
[dash] D: GET /live.mpd
[dash] D: GET /live.mpd
[dash] D: GET /live.mpd
[dash] D: GET /chunk-stream1-00058.m4s
[dash] D: GET /chunk-stream0-00058.m4s
[dash] D: GET /live.mpd
[dash] D: GET /live.mpd
[dash] D: GET /live.mpd
[dash] D: GET /chunk-stream1-00059.m4s
[dash] D: GET /chunk-stream0-00059.m4s
[dash] D: GET /live.mpd
[dash] D: GET /live.mpd
[dash] D: GET /live.mpd
[dash] D: GET /chunk-stream1-00060.m4s
[dash] D: GET /chunk-stream0-00060.m4s
[dash] D: GET /live.mpd
[dash] D: GET /live.mpd
[dash] D: GET /live.mpd
[dash] D: GET /chunk-stream1-00061.m4s
[dash] D: GET /chunk-stream0-00061.m4s
[dash] D: GET /live.mpd
[dash] D: GET /live.mpd
[dash] I: stats: req=295 mpd=171 seg=124 404=0 full=295 prog=0 hold=0 (0 ms avg) restart=0
[dash] D: GET /live.mpd
[dash] D: GET /chunk-stream1-00062.m4s
[dash] D: GET /chunk-stream0-00062.m4s
[mp4 @ 0x5adca260f980] Application provided duration: -1 / timestamp: 2823167 is out of range for mov/mp4 format
[dash] D: GET /live.mpd
[dash] D: GET /live.mpd
[dash] D: GET /live.mpd
[dash] D: GET /chunk-stream1-00063.m4s
[dash] D: GET /chunk-stream0-00063.m4s
[dash] D: GET /live.mpd
[dash] D: GET /live.mpd
[dash] D: GET /live.mpd
[dash] D: GET /chunk-stream1-00064.m4s
[dash] D: GET /chunk-stream0-00064.m4s
[dash] D: GET /live.mpd
[dash] D: GET /live.mpd
[dash] D: GET /live.mpd
[dash] D: GET /chunk-stream1-00065.m4s
[dash] D: GET /chunk-stream0-00065.m4s
[dash] D: GET /live.mpd
[dash] D: GET /live.mpd
[dash] D: GET /live.mpd
[dash] D: GET /chunk-stream1-00066.m4s
[dash] D: GET /chunk-stream0-00066.m4s
[dash] D: GET /live.mpd
[dash] D: GET /live.mpd
[dash] D: GET /live.mpd
[dash] I: stats: req=321 mpd=187 seg=134 404=0 full=321 prog=0 hold=0 (0 ms avg) restart=0
[dash] D: GET /chunk-stream1-00067.m4s
[dash] D: GET /chunk-stream0-00067.m4s
[dash] D: GET /live.mpd
[dash] D: GET /live.mpd
[dash] D: GET /live.mpd
[dash] D: GET /chunk-stream1-00068.m4s
[dash] D: GET /chunk-stream0-00068.m4s
[dash] D: GET /live.mpd
[dash] D: GET /live.mpd
[dash] D: GET /live.mpd
[dash] D: GET /chunk-stream1-00069.m4s
[dash] D: GET /chunk-stream0-00069.m4s
[dash] D: GET /live.mpd
[dash] D: GET /live.mpd
[dash] D: GET /live.mpd
[dash] D: GET /chunk-stream1-00070.m4s
[dash] D: GET /chunk-stream0-00070.m4s
[dash] D: GET /live.mpd
[dash] D: GET /live.mpd
[dash] D: GET /live.mpd
[dash] D: GET /chunk-stream1-00071.m4s
[dash] D: GET /chunk-stream0-00071.m4s
[dash] D: GET /live.mpd
[dash] D: GET /live.mpd
[dash] D: GET /live.mpd
[dash] D: GET /chunk-stream1-00072.m4s
[dash] D: GET /chunk-stream0-00072.m4s
[dash] I: stats: req=348 mpd=202 seg=146 404=0 full=348 prog=0 hold=0 (0 ms avg) restart=0
[dash] D: GET /live.mpd
[dash] D: GET /live.mpd
[dash] D: GET /live.mpd
[dash] D: GET /chunk-stream1-00073.m4s
[dash] D: GET /chunk-stream0-00073.m4s
[dash] D: GET /live.mpd
[dash] D: GET /live.mpd
[dash] D: GET /live.mpd
[dash] D: GET /chunk-stream1-00074.m4s
[dash] D: GET /chunk-stream0-00074.m4s
[dash] D: GET /live.mpd
[dash] D: GET /live.mpd
[dash] D: GET /live.mpd
[dash] D: GET /chunk-stream1-00075.m4s
[dash] D: GET /chunk-stream0-00075.m4s
[dash] D: GET /live.mpd
[dash] D: GET /live.mpd
[dash] D: GET /live.mpd
[dash] D: GET /chunk-stream1-00076.m4s
[dash] D: GET /chunk-stream0-00076.m4s
[dash] D: GET /live.mpd
[dash] D: GET /live.mpd
[dash] D: GET /live.mpd
[dash] I: stats: req=371 mpd=217 seg=154 404=0 full=371 prog=0 hold=0 (0 ms avg) restart=0
[dash] D: GET /chunk-stream1-00077.m4s
[dash] D: GET /chunk-stream0-00077.m4s
[dash] D: GET /live.mpd
[dash] D: GET /live.mpd
[dash] D: GET /live.mpd
[dash] D: GET /chunk-stream1-00078.m4s
[dash] D: GET /chunk-stream0-00078.m4s
[dash] D: GET /live.mpd
[dash] D: GET /live.mpd
[dash] D: GET /live.mpd
[dash] D: GET /chunk-stream1-00079.m4s
[dash] D: GET /chunk-stream0-00079.m4s
[mp4 @ 0x5adca260f980] Application provided duration: -1 / timestamp: 3572735 is out of range for mov/mp4 format
[dash] D: GET /live.mpd
[dash] D: GET /live.mpd
[dash] D: GET /live.mpd
[dash] D: GET /chunk-stream1-00080.m4s
[dash] D: GET /chunk-stream0-00080.m4s
[dash] D: GET /live.mpd
[dash] D: GET /live.mpd
[dash] D: GET /live.mpd
[dash] D: GET /chunk-stream1-00081.m4s
[dash] D: GET /chunk-stream0-00081.m4s
[dash] D: GET /live.mpd
[dash] D: GET /live.mpd
[dash] D: GET /live.mpd
[dash] D: GET /chunk-stream1-00082.m4s
[dash] D: GET /chunk-stream0-00082.m4s
[dash] I: stats: req=398 mpd=232 seg=166 404=0 full=398 prog=0 hold=0 (0 ms avg) restart=0
[dash] D: GET /live.mpd
[dash] D: GET /live.mpd
[dash] D: GET /chunk-stream1-00083.m4s
[dash] D: GET /chunk-stream0-00083.m4s
[dash] D: GET /live.mpd
[dash] D: GET /live.mpd
[dash] D: GET /live.mpd
[dash] D: GET /chunk-stream1-00084.m4s
[dash] D: GET /chunk-stream0-00084.m4s
[dash] D: GET /live.mpd
[dash] D: GET /live.mpd
[dash] D: GET /chunk-stream1-00085.m4s
[dash] D: GET /chunk-stream0-00085.m4s
[dash] D: GET /live.mpd
[dash] D: GET /live.mpd
[dash] D: GET /chunk-stream1-00086.m4s
[dash] D: GET /chunk-stream0-00086.m4s
[dash] D: GET /live.mpd
[dash] D: GET /live.mpd
[dash] D: GET /live.mpd
[dash] D: GET /chunk-stream1-00087.m4s
[dash] D: GET /chunk-stream0-00087.m4s
[dash] I: stats: req=420 mpd=244 seg=176 404=0 full=420 prog=0 hold=0 (0 ms avg) restart=0
[dash] D: GET /live.mpd
[dash] D: GET /live.mpd
[dash] D: GET /live.mpd
[dash] D: GET /chunk-stream1-00088.m4s
[dash] D: GET /chunk-stream0-00088.m4s
[dash] D: GET /live.mpd
[dash] D: GET /live.mpd
[dash] D: GET /live.mpd
[dash] D: GET /chunk-stream1-00089.m4s
[dash] D: GET /chunk-stream0-00089.m4s
[dash] D: GET /live.mpd
[dash] D: GET /live.mpd
[dash] D: GET /live.mpd
[dash] D: GET /chunk-stream1-00090.m4s
[dash] D: GET /chunk-stream0-00090.m4s
[dash] D: GET /live.mpd
[dash] D: GET /live.mpd
[dash] D: GET /live.mpd
[dash] D: GET /chunk-stream1-00091.m4s
[dash] D: GET /chunk-stream0-00091.m4s
[dash] D: GET /live.mpd
[dash] D: GET /live.mpd
[dash] D: GET /live.mpd
[dash] D: GET /chunk-stream1-00092.m4s
[dash] D: GET /chunk-stream0-00092.m4s
[dash] D: GET /live.mpd
[dash] I: stats: req=446 mpd=260 seg=186 404=0 full=446 prog=0 hold=0 (0 ms avg) restart=0
[dash] D: GET /live.mpd
[dash] D: GET /live.mpd
[dash] D: GET /chunk-stream1-00093.m4s
[dash] D: GET /chunk-stream0-00093.m4s
[dash] D: GET /live.mpd
[dash] D: GET /live.mpd
[dash] D: GET /live.mpd
[dash] D: GET /chunk-stream1-00094.m4s
[dash] D: GET /chunk-stream0-00094.m4s
[dash] D: GET /live.mpd
[dash] D: GET /live.mpd
[dash] D: GET /live.mpd
[dash] D: GET /chunk-stream1-00095.m4s
[dash] D: GET /chunk-stream0-00095.m4s
[dash] D: GET /live.mpd
[dash] D: GET /live.mpd
[dash] D: GET /live.mpd
[dash] D: GET /chunk-stream1-00096.m4s
[dash] D: GET /chunk-stream0-00096.m4s
[dash] D: GET /live.mpd
[dash] D: GET /live.mpd
[dash] D: GET /live.mpd
[dash] D: GET /chunk-stream1-00097.m4s
[dash] D: GET /chunk-stream0-00097.m4s
[dash] D: GET /live.mpd
[dash] I: stats: req=471 mpd=275 seg=196 404=0 full=471 prog=0 hold=0 (0 ms avg) restart=0
[dash] D: GET /live.mpd
[dash] D: GET /live.mpd
[dash] D: GET /chunk-stream1-00098.m4s
[dash] D: GET /chunk-stream0-00098.m4s
[dash] D: GET /live.mpd
[dash] D: GET /live.mpd
[dash] D: GET /live.mpd
[dash] D: GET /chunk-stream1-00099.m4s
[dash] D: GET /chunk-stream0-00099.m4s
[dash] D: GET /live.mpd
[dash] D: GET /live.mpd
[dash] D: GET /live.mpd
[dash] D: GET /chunk-stream1-00100.m4s
[dash] D: GET /chunk-stream0-00100.m4s
[dash] D: GET /live.mpd
[dash] D: GET /live.mpd
[dash] D: GET /live.mpd
[dash] D: GET /chunk-stream1-00101.m4s
[dash] D: GET /chunk-stream0-00101.m4s
[dash] D: GET /live.mpd
[dash] D: GET /live.mpd
[dash] D: GET /live.mpd
[dash] D: GET /chunk-stream1-00102.m4s
[dash] D: GET /chunk-stream0-00102.m4s
[dash] D: GET /live.mpd
[dash] I: stats: req=496 mpd=290 seg=206 404=0 full=496 prog=0 hold=0 (0 ms avg) restart=0
[dash] D: GET /live.mpd
[dash] D: GET /live.mpd
[dash] D: GET /chunk-stream1-00103.m4s
[dash] D: GET /chunk-stream0-00103.m4s
[dash] D: GET /live.mpd
[dash] D: GET /live.mpd
[dash] D: GET /live.mpd
[dash] D: GET /chunk-stream1-00104.m4s
[dash] D: GET /chunk-stream0-00104.m4s
[dash] D: GET /live.mpd
[dash] D: GET /live.mpd
[dash] D: GET /live.mpd
[dash] D: GET /chunk-stream1-00105.m4s
[dash] D: GET /chunk-stream0-00105.m4s
[dash] D: GET /live.mpd
[dash] D: GET /live.mpd
[dash] D: GET /live.mpd
[dash] D: GET /chunk-stream1-00106.m4s
[dash] D: GET /chunk-stream0-00106.m4s
[dash] D: GET /live.mpd
[dash] D: GET /live.mpd
[dash] D: GET /live.mpd
[dash] D: GET /chunk-stream1-00107.m4s
[dash] D: GET /chunk-stream0-00107.m4s
[dash] D: GET /live.mpd
[dash] D: GET /live.mpd
[dash] I: stats: req=522 mpd=306 seg=216 404=0 full=522 prog=0 hold=0 (0 ms avg) restart=0
[dash] D: GET /live.mpd
[dash] D: GET /chunk-stream1-00108.m4s
[dash] D: GET /chunk-stream0-00108.m4s
[dash] D: GET /live.mpd
[dash] D: GET /live.mpd
[dash] D: GET /live.mpd
[dash] D: GET /chunk-stream1-00109.m4s
[dash] D: GET /chunk-stream0-00109.m4s
[dash] D: GET /live.mpd
[dash] D: GET /live.mpd
[dash] D: GET /live.mpd
[dash] D: GET /chunk-stream1-00110.m4s
[dash] D: GET /chunk-stream0-00110.m4s
[dash] D: GET /live.mpd
[dash] D: GET /live.mpd
[dash] D: GET /live.mpd
[dash] D: GET /chunk-stream1-00111.m4s
[dash] D: GET /chunk-stream0-00111.m4s
[dash] D: GET /live.mpd
[dash] D: GET /live.mpd
[dash] D: GET /live.mpd
[dash] D: GET /chunk-stream1-00112.m4s
[dash] D: GET /chunk-stream0-00112.m4s
[dash] D: GET /live.mpd
[dash] D: GET /live.mpd
[dash] I: stats: req=547 mpd=321 seg=226 404=0 full=547 prog=0 hold=0 (0 ms avg) restart=0
[dash] D: GET /live.mpd
[dash] D: GET /chunk-stream1-00113.m4s
[dash] D: GET /chunk-stream0-00113.m4s
[dash] D: GET /live.mpd
[dash] D: GET /live.mpd
[dash] D: GET /chunk-stream1-00114.m4s
[dash] D: GET /chunk-stream0-00114.m4s
[dash] D: GET /live.mpd
[dash] D: GET /live.mpd
[dash] D: GET /live.mpd
[dash] D: GET /chunk-stream1-00115.m4s
[dash] D: GET /chunk-stream0-00115.m4s
[dash] D: GET /live.mpd
[dash] D: GET /live.mpd
[dash] D: GET /live.mpd
[dash] D: GET /chunk-stream1-00116.m4s
[dash] D: GET /chunk-stream0-00116.m4s
[dash] D: GET /live.mpd
[dash] D: GET /live.mpd
[dash] D: GET /chunk-stream1-00117.m4s
[dash] D: GET /chunk-stream0-00117.m4s
[dash] D: GET /live.mpd
[dash] D: GET /live.mpd
[dash] I: stats: req=570 mpd=334 seg=236 404=0 full=570 prog=0 hold=0 (0 ms avg) restart=0
[dash] D: GET /chunk-stream1-00118.m4s
[dash] D: GET /chunk-stream0-00118.m4s
[dash] D: GET /live.mpd
[dash] D: GET /live.mpd
[dash] D: GET /live.mpd
[dash] D: GET /chunk-stream1-00119.m4s
[dash] D: GET /chunk-stream0-00119.m4s
[dash] D: GET /live.mpd
[dash] D: GET /live.mpd
[dash] D: GET /live.mpd
[dash] D: GET /chunk-stream1-00120.m4s
[dash] D: GET /chunk-stream0-00120.m4s
[dash] D: GET /live.mpd
[dash] D: GET /live.mpd
[dash] D: GET /live.mpd
[dash] D: GET /chunk-stream1-00121.m4s
[dash] D: GET /chunk-stream0-00121.m4s
[dash] D: GET /live.mpd
[dash] D: GET /live.mpd
[dash] D: GET /live.mpd
[dash] D: GET /chunk-stream1-00122.m4s
[dash] D: GET /chunk-stream0-00122.m4s
[dash] D: GET /live.mpd
[dash] D: GET /live.mpd
[dash] D: GET /live.mpd
[dash] I: stats: req=595 mpd=349 seg=246 404=0 full=595 prog=0 hold=0 (0 ms avg) restart=0
[dash] D: GET /chunk-stream1-00123.m4s
[dash] D: GET /chunk-stream0-00123.m4s
[dash] D: GET /live.mpd
[dash] D: GET /live.mpd
[dash] D: GET /live.mpd
[dash] D: GET /chunk-stream1-00124.m4s
[dash] D: GET /chunk-stream0-00124.m4s
[dash] D: GET /live.mpd
[dash] D: GET /live.mpd
[dash] D: GET /live.mpd
[dash] D: GET /chunk-stream1-00125.m4s
[dash] D: GET /chunk-stream0-00125.m4s
[dash] D: GET /live.mpd
[dash] D: GET /live.mpd
[dash] D: GET /live.mpd
[dash] D: GET /chunk-stream1-00126.m4s
[dash] D: GET /chunk-stream0-00126.m4s
[dash] D: GET /live.mpd
[dash] D: GET /live.mpd
[dash] D: GET /live.mpd
[dash] D: GET /chunk-stream1-00127.m4s
[dash] D: GET /chunk-stream0-00127.m4s
[dash] D: GET /live.mpd
[dash] D: GET /live.mpd
[dash] D: GET /live.mpd
[dash] D: GET /chunk-stream1-00128.m4s
[dash] I: stats: req=621 mpd=364 seg=257 404=0 full=621 prog=0 hold=0 (0 ms avg) restart=0
[dash] D: GET /chunk-stream0-00128.m4s
[dash] D: GET /live.mpd
[dash] D: GET /live.mpd
[dash] D: GET /live.mpd
[dash] D: GET /chunk-stream1-00129.m4s
[dash] D: GET /chunk-stream0-00129.m4s
[dash] D: GET /live.mpd
[dash] D: GET /live.mpd
[dash] D: GET /live.mpd
[dash] D: GET /chunk-stream1-00130.m4s
[dash] D: GET /chunk-stream0-00130.m4s
[dash] D: GET /live.mpd
[dash] D: GET /live.mpd
[dash] D: GET /live.mpd
[dash] D: GET /chunk-stream1-00131.m4s
[dash] D: GET /chunk-stream0-00131.m4s
[dash] D: GET /live.mpd
[dash] D: GET /live.mpd
[dash] D: GET /live.mpd
[dash] D: GET /chunk-stream1-00132.m4s
[dash] D: GET /chunk-stream0-00132.m4s
[dash] D: GET /live.mpd
[dash] D: GET /live.mpd
[dash] D: GET /live.mpd
[dash] I: stats: req=645 mpd=379 seg=266 404=0 full=645 prog=0 hold=0 (0 ms avg) restart=0
[dash] D: GET /chunk-stream1-00133.m4s
[dash] D: GET /chunk-stream0-00133.m4s
[dash] D: GET /live.mpd
[dash] D: GET /live.mpd
[dash] D: GET /live.mpd
[dash] D: GET /chunk-stream1-00134.m4s
[dash] D: GET /chunk-stream0-00134.m4s
[dash] D: GET /live.mpd
[dash] D: GET /live.mpd
[dash] D: GET /live.mpd
[dash] D: GET /chunk-stream1-00135.m4s
[dash] D: GET /chunk-stream0-00135.m4s
[dash] D: GET /live.mpd
[dash] D: GET /live.mpd
[dash] D: GET /live.mpd
[dash] D: GET /chunk-stream1-00136.m4s
[dash] D: GET /chunk-stream0-00136.m4s
[dash] D: GET /live.mpd
[dash] D: GET /live.mpd
[dash] D: GET /live.mpd
[dash] D: GET /chunk-stream1-00137.m4s
[dash] D: GET /chunk-stream0-00137.m4s
[mp4 @ 0x5adca260f980] Application provided duration: -1 / timestamp: 6130687 is out of range for mov/mp4 format
[dash] D: GET /live.mpd
[dash] D: GET /live.mpd
[dash] D: GET /live.mpd
[dash] D: GET /chunk-stream1-00138.m4s
[dash] D: GET /chunk-stream0-00138.m4s
[dash] I: stats: req=672 mpd=394 seg=278 404=0 full=672 prog=0 hold=0 (0 ms avg) restart=0
[dash] D: GET /live.mpd
[dash] D: GET /live.mpd
[dash] D: GET /live.mpd
[dash] D: GET /chunk-stream1-00139.m4s
[dash] D: GET /chunk-stream0-00139.m4s
[mp4 @ 0x5adca260f980] Application provided duration: -1 / timestamp: 6218751 is out of range for mov/mp4 format
[dash] D: GET /live.mpd
[dash] D: GET /live.mpd
[dash] D: GET /live.mpd
[dash] D: GET /chunk-stream1-00140.m4s
[dash] D: GET /chunk-stream0-00140.m4s
[dash] D: GET /live.mpd
[dash] D: GET /live.mpd
[dash] D: GET /live.mpd
[dash] D: GET /chunk-stream1-00141.m4s
[dash] D: GET /chunk-stream0-00141.m4s
[mp4 @ 0x5adca260f980] Application provided duration: -1 / timestamp: 6306815 is out of range for mov/mp4 format
[dash] D: GET /live.mpd
[dash] D: GET /live.mpd
[dash] D: GET /live.mpd
[dash] D: GET /chunk-stream1-00142.m4s
[dash] D: GET /chunk-stream0-00142.m4s
[dash] D: GET /live.mpd
[dash] D: GET /live.mpd
[dash] D: GET /live.mpd
[dash] D: GET /chunk-stream1-00143.m4s
[dash] I: stats: req=696 mpd=409 seg=287 404=0 full=696 prog=0 hold=0 (0 ms avg) restart=0
[dash] D: GET /chunk-stream0-00143.m4s
[mp4 @ 0x5adca260f980] Application provided duration: -1 / timestamp: 6394879 is out of range for mov/mp4 format
[dash] D: GET /live.mpd
[dash] D: GET /live.mpd
[dash] D: GET /live.mpd
[dash] D: GET /chunk-stream1-00144.m4s
[dash] D: GET /chunk-stream0-00144.m4s
[dash] D: GET /live.mpd
[dash] D: GET /live.mpd
[dash] D: GET /live.mpd
[dash] D: GET /chunk-stream1-00145.m4s
[dash] D: GET /chunk-stream0-00145.m4s
[dash] D: GET /live.mpd
[dash] D: GET /live.mpd
[dash] D: GET /live.mpd
[dash] D: GET /chunk-stream1-00146.m4s
[dash] D: GET /chunk-stream0-00146.m4s
[dash] D: GET /live.mpd
[dash] D: GET /live.mpd
[dash] D: GET /live.mpd
[dash] D: GET /chunk-stream1-00147.m4s
[dash] D: GET /chunk-stream0-00147.m4s
[dash] D: GET /live.mpd
[dash] D: GET /live.mpd
[dash] D: GET /live.mpd
[dash] D: GET /chunk-stream1-00148.m4s
[dash] D: GET /chunk-stream0-00148.m4s
[dash] I: stats: req=722 mpd=424 seg=298 404=0 full=722 prog=0 hold=0 (0 ms avg) restart=0
[dash] D: GET /live.mpd
[dash] D: GET /live.mpd
[dash] D: GET /live.mpd
[dash] D: GET /chunk-stream1-00149.m4s
[dash] D: GET /chunk-stream0-00149.m4s
[dash] D: GET /live.mpd
[dash] D: GET /live.mpd
[dash] D: GET /live.mpd
[dash] D: GET /chunk-stream1-00150.m4s
[dash] D: GET /chunk-stream0-00150.m4s
[dash] D: GET /live.mpd
[dash] D: GET /live.mpd
[dash] D: GET /live.mpd
[dash] D: GET /chunk-stream1-00151.m4s
[dash] D: GET /chunk-stream0-00151.m4s
[dash] D: GET /live.mpd
[dash] D: GET /live.mpd
[dash] D: GET /live.mpd
[dash] D: GET /chunk-stream1-00152.m4s
[dash] D: GET /chunk-stream0-00152.m4s
[dash] D: GET /live.mpd
[dash] D: GET /live.mpd
[dash] D: GET /live.mpd
[dash] D: GET /chunk-stream1-00153.m4s
[dash] D: GET /chunk-stream0-00153.m4s
[mp4 @ 0x5adca260f980] Application provided duration: -1 / timestamp: 6836223 is out of range for mov/mp4 format
[dash] I: stats: req=747 mpd=439 seg=308 404=0 full=747 prog=0 hold=0 (0 ms avg) restart=0
[dash] D: GET /live.mpd
[dash] D: GET /live.mpd
[dash] D: GET /live.mpd
[dash] D: GET /chunk-stream1-00154.m4s
[dash] D: GET /chunk-stream0-00154.m4s
[dash] D: GET /live.mpd
[dash] D: GET /live.mpd
[dash] D: GET /live.mpd
[dash] D: GET /chunk-stream1-00155.m4s
[dash] D: GET /chunk-stream0-00155.m4s
[mp4 @ 0x5adca260f980] Application provided duration: -1 / timestamp: 6924287 is out of range for mov/mp4 format
[dash] D: GET /live.mpd
[dash] D: GET /live.mpd
[dash] D: GET /live.mpd
[dash] D: GET /chunk-stream1-00156.m4s
[dash] D: GET /chunk-stream0-00156.m4s
[dash] D: GET /live.mpd
[dash] D: GET /live.mpd
[dash] D: GET /live.mpd
[dash] D: GET /chunk-stream1-00157.m4s
[dash] D: GET /chunk-stream0-00157.m4s
[mp4 @ 0x5adca260f980] Application provided duration: -1 / timestamp: 7012351 is out of range for mov/mp4 format
[dash] D: GET /live.mpd
[dash] D: GET /live.mpd
[dash] D: GET /live.mpd
[dash] D: GET /chunk-stream1-00158.m4s
[dash] D: GET /chunk-stream0-00158.m4s
[dash] I: stats: req=772 mpd=454 seg=318 404=0 full=772 prog=0 hold=0 (0 ms avg) restart=0
[dash] D: GET /live.mpd
[dash] D: GET /live.mpd
[dash] D: GET /live.mpd
[dash] D: GET /chunk-stream1-00159.m4s
[dash] D: GET /chunk-stream0-00159.m4s
[mp4 @ 0x5adca260f980] Application provided duration: -1 / timestamp: 7100415 is out of range for mov/mp4 format
[dash] D: GET /live.mpd
[dash] D: GET /live.mpd
[dash] D: GET /live.mpd
[dash] D: GET /chunk-stream1-00160.m4s
[dash] D: GET /chunk-stream0-00160.m4s
[dash] D: GET /live.mpd
[dash] D: GET /live.mpd
[dash] D: GET /live.mpd
[dash] D: GET /chunk-stream1-00161.m4s
[dash] D: GET /chunk-stream0-00161.m4s
[dash] D: GET /live.mpd
[dash] D: GET /live.mpd
[dash] D: GET /live.mpd
[dash] D: GET /chunk-stream1-00162.m4s
[dash] D: GET /chunk-stream0-00162.m4s
[dash] D: GET /live.mpd
[dash] D: GET /live.mpd
[dash] D: GET /live.mpd
[dash] D: GET /chunk-stream1-00163.m4s
[dash] D: GET /chunk-stream0-00163.m4s
[dash] I: stats: req=797 mpd=469 seg=328 404=0 full=797 prog=0 hold=0 (0 ms avg) restart=0
[dash] D: GET /live.mpd
[dash] D: GET /live.mpd
[dash] D: GET /live.mpd
[dash] D: GET /chunk-stream1-00164.m4s
[dash] D: GET /chunk-stream0-00164.m4s
[dash] D: GET /live.mpd
[dash] D: GET /live.mpd
[dash] D: GET /live.mpd
[dash] D: GET /chunk-stream1-00165.m4s
[dash] D: GET /chunk-stream0-00165.m4s
[dash] D: GET /live.mpd
[dash] D: GET /live.mpd
[dash] D: GET /live.mpd
[dash] D: GET /chunk-stream1-00166.m4s
[dash] D: GET /chunk-stream0-00166.m4s
[dash] D: GET /live.mpd
[dash] D: GET /live.mpd
[dash] D: GET /live.mpd
[dash] D: GET /chunk-stream1-00167.m4s
[dash] D: GET /chunk-stream0-00167.m4s
[dash] D: GET /live.mpd
[dash] D: GET /live.mpd
[dash] D: GET /live.mpd
[dash] D: GET /chunk-stream1-00168.m4s
[dash] D: GET /chunk-stream0-00168.m4s
[dash] D: GET /live.mpd
[dash] I: stats: req=823 mpd=485 seg=338 404=0 full=823 prog=0 hold=0 (0 ms avg) restart=0
[dash] D: GET /live.mpd
[dash] D: GET /live.mpd
[dash] D: GET /chunk-stream1-00169.m4s
[dash] D: GET /chunk-stream0-00169.m4s
[dash] D: GET /live.mpd
[dash] D: GET /live.mpd
[dash] D: GET /live.mpd
[dash] D: GET /chunk-stream1-00170.m4s
[dash] D: GET /chunk-stream0-00170.m4s
[dash] D: GET /live.mpd
[dash] D: GET /live.mpd
[dash] D: GET /live.mpd
[dash] D: GET /chunk-stream1-00171.m4s
[dash] D: GET /chunk-stream0-00171.m4s
[mp4 @ 0x5adca260f980] Application provided duration: -1 / timestamp: 7629823 is out of range for mov/mp4 format
[dash] D: GET /live.mpd
[dash] D: GET /live.mpd
[dash] D: GET /live.mpd
[dash] D: GET /chunk-stream1-00172.m4s
[dash] D: GET /chunk-stream0-00172.m4s
[dash] D: GET /live.mpd
[dash] D: GET /live.mpd
[dash] D: GET /live.mpd
[dash] D: GET /chunk-stream1-00173.m4s
[dash] D: GET /chunk-stream0-00173.m4s
[mp4 @ 0x5adca260f980] Application provided duration: -1 / timestamp: 7717887 is out of range for mov/mp4 format
[dash] D: GET /live.mpd
[dash] D: GET /live.mpd
[dash] I: stats: req=849 mpd=501 seg=348 404=0 full=849 prog=0 hold=0 (0 ms avg) restart=0
[dash] D: GET /live.mpd
[dash] D: GET /chunk-stream1-00174.m4s
[dash] D: GET /chunk-stream0-00174.m4s
[dash] D: GET /live.mpd
[dash] D: GET /live.mpd
[dash] D: GET /live.mpd
[dash] D: GET /chunk-stream1-00175.m4s
[dash] D: GET /chunk-stream0-00175.m4s
[mp4 @ 0x5adca260f980] Application provided duration: -1 / timestamp: 7805951 is out of range for mov/mp4 format
[dash] D: GET /live.mpd
[dash] D: GET /live.mpd
[dash] D: GET /live.mpd
[dash] D: GET /chunk-stream1-00176.m4s
[dash] D: GET /chunk-stream0-00176.m4s
[dash] D: GET /live.mpd
[dash] D: GET /live.mpd
[dash] D: GET /live.mpd
[dash] D: GET /chunk-stream1-00177.m4s
[dash] D: GET /chunk-stream0-00177.m4s
[mp4 @ 0x5adca260f980] Application provided duration: -1 / timestamp: 7894015 is out of range for mov/mp4 format
[dash] D: GET /live.mpd
[dash] D: GET /live.mpd
[dash] D: GET /live.mpd
[dash] D: GET /chunk-stream1-00178.m4s
[dash] D: GET /chunk-stream0-00178.m4s
[dash] D: GET /live.mpd
[dash] D: GET /live.mpd
[dash] I: stats: req=874 mpd=516 seg=358 404=0 full=874 prog=0 hold=0 (0 ms avg) restart=0
[dash] D: GET /live.mpd
[dash] D: GET /chunk-stream1-00179.m4s
[dash] D: GET /chunk-stream0-00179.m4s
[dash] D: GET /live.mpd
[dash] D: GET /live.mpd
[dash] D: GET /live.mpd
[dash] D: GET /chunk-stream1-00180.m4s
[dash] D: GET /chunk-stream0-00180.m4s
[dash] D: GET /live.mpd
[dash] D: GET /live.mpd
[dash] D: GET /live.mpd
[dash] D: GET /chunk-stream1-00181.m4s
[dash] D: GET /chunk-stream0-00181.m4s
[dash] D: GET /live.mpd
[dash] D: GET /live.mpd
[dash] D: GET /live.mpd
[dash] D: GET /chunk-stream1-00182.m4s
[dash] D: GET /chunk-stream0-00182.m4s
[dash] D: GET /live.mpd
[dash] D: GET /live.mpd
[dash] D: GET /live.mpd
[dash] D: GET /chunk-stream1-00183.m4s
[dash] D: GET /chunk-stream0-00183.m4s
[dash] D: GET /live.mpd
[dash] D: GET /live.mpd
[dash] I: stats: req=899 mpd=531 seg=368 404=0 full=899 prog=0 hold=0 (0 ms avg) restart=0
[dash] D: GET /live.mpd
[dash] D: GET /chunk-stream1-00184.m4s
[dash] D: GET /chunk-stream0-00184.m4s
[dash] D: GET /live.mpd
[dash] D: GET /live.mpd
[dash] D: GET /live.mpd
[dash] D: GET /chunk-stream1-00185.m4s
[dash] D: GET /chunk-stream0-00185.m4s
[dash] D: GET /live.mpd
[dash] D: GET /live.mpd
[dash] D: GET /live.mpd
[dash] D: GET /chunk-stream1-00186.m4s
[dash] D: GET /chunk-stream0-00186.m4s
[dash] D: GET /live.mpd
[dash] D: GET /live.mpd
[dash] D: GET /live.mpd
[dash] D: GET /chunk-stream1-00187.m4s
[dash] D: GET /chunk-stream0-00187.m4s
[mp4 @ 0x5adca260f980] Application provided duration: -1 / timestamp: 8335359 is out of range for mov/mp4 format
[dash] D: GET /live.mpd
[dash] D: GET /live.mpd
[dash] D: GET /live.mpd
[dash] D: GET /chunk-stream1-00188.m4s
[dash] D: GET /chunk-stream0-00188.m4s
[dash] D: GET /live.mpd
[dash] D: GET /live.mpd
[dash] D: GET /live.mpd
[dash] I: stats: req=925 mpd=547 seg=378 404=0 full=925 prog=0 hold=0 (0 ms avg) restart=0
[dash] D: GET /chunk-stream1-00189.m4s
[dash] D: GET /chunk-stream0-00189.m4s
[dash] D: GET /live.mpd
[dash] D: GET /live.mpd
[dash] D: GET /chunk-stream1-00190.m4s
[dash] D: GET /chunk-stream0-00190.m4s
[dash] D: GET /live.mpd
[dash] D: GET /live.mpd
[dash] D: GET /chunk-stream1-00191.m4s
[dash] D: GET /chunk-stream0-00191.m4s
[dash] D: GET /live.mpd
[dash] D: GET /live.mpd
[dash] D: GET /chunk-stream1-00192.m4s
[dash] D: GET /chunk-stream0-00192.m4s
[dash] D: GET /live.mpd
[dash] D: GET /chunk-stream1-00193.m4s
[dash] D: GET /chunk-stream0-00193.m4s
[dash] D: GET /live.mpd
[dash] D: GET /chunk-stream1-00194.m4s
[dash] D: GET /chunk-stream0-00194.m4s
[dash] I: stats: req=945 mpd=555 seg=390 404=0 full=945 prog=0 hold=0 (0 ms avg) restart=0
[dash] D: GET /live.mpd
[dash] D: GET /chunk-stream1-00195.m4s
[dash] D: GET /chunk-stream0-00195.m4s
[dash] D: GET /live.mpd
[dash] D: GET /chunk-stream1-00196.m4s
[dash] D: GET /chunk-stream0-00196.m4s
[dash] D: GET /live.mpd
[dash] D: GET /chunk-stream1-00197.m4s
[dash] D: GET /chunk-stream0-00197.m4s
[dash] D: GET /live.mpd
[dash] D: GET /chunk-stream1-00198.m4s
[dash] D: GET /chunk-stream0-00198.m4s
[dash] D: GET /live.mpd
[dash] D: GET /chunk-stream1-00199.m4s
[dash] D: GET /chunk-stream0-00199.m4s
[dash] I: stats: req=960 mpd=560 seg=400 404=0 full=960 prog=0 hold=0 (0 ms avg) restart=0
[dash] D: GET /live.mpd
[dash] D: GET /chunk-stream1-00200.m4s
[dash] D: GET /chunk-stream0-00200.m4s
[dash] D: GET /live.mpd
[dash] D: GET /chunk-stream1-00201.m4s
[dash] D: GET /chunk-stream0-00201.m4s
[dash] D: GET /live.mpd
[dash] D: GET /chunk-stream1-00202.m4s
[dash] D: GET /chunk-stream0-00202.m4s
[dash] D: GET /live.mpd
[dash] D: GET /chunk-stream1-00203.m4s
[dash] D: GET /chunk-stream0-00203.m4s
[dash] D: GET /live.mpd
[dash] D: GET /chunk-stream1-00204.m4s
[dash] D: GET /chunk-stream0-00204.m4s
[dash] I: stats: req=975 mpd=565 seg=410 404=0 full=975 prog=0 hold=0 (0 ms avg) restart=0
[dash] D: GET /live.mpd
[dash] D: GET /chunk-stream1-00205.m4s
[dash] D: GET /chunk-stream0-00205.m4s
[dash] D: GET /live.mpd
[dash] D: GET /chunk-stream1-00206.m4s
[dash] D: GET /chunk-stream0-00206.m4s
[dash] D: GET /live.mpd
[dash] D: GET /chunk-stream1-00207.m4s
[dash] D: GET /chunk-stream0-00207.m4s
[dash] D: GET /live.mpd
[dash] D: GET /chunk-stream1-00208.m4s
[dash] D: GET /chunk-stream0-00208.m4s
[dash] D: GET /live.mpd
[dash] D: GET /chunk-stream1-00209.m4s
[dash] D: GET /chunk-stream0-00209.m4s
[dash] I: stats: req=990 mpd=570 seg=420 404=0 full=990 prog=0 hold=0 (0 ms avg) restart=0
[dash] D: GET /live.mpd
[dash] D: GET /chunk-stream1-00210.m4s
[dash] D: GET /chunk-stream0-00210.m4s
[dash] D: GET /live.mpd
[dash] D: GET /chunk-stream1-00211.m4s
[dash] D: GET /chunk-stream0-00211.m4s
[dash] D: GET /live.mpd
[dash] D: GET /chunk-stream1-00212.m4s
[dash] D: GET /chunk-stream0-00212.m4s
[dash] D: GET /live.mpd
[dash] D: GET /chunk-stream1-00213.m4s
[dash] D: GET /chunk-stream0-00213.m4s
[dash] D: GET /live.mpd
[dash] D: GET /chunk-stream1-00214.m4s
[dash] D: GET /chunk-stream0-00214.m4s
[dash] I: stats: req=1005 mpd=575 seg=430 404=0 full=1005 prog=0 hold=0 (0 ms avg) restart=0
[dash] D: GET /live.mpd
[dash] D: GET /chunk-stream1-00215.m4s
[dash] D: GET /chunk-stream0-00215.m4s
[dash] D: GET /live.mpd
[dash] D: GET /chunk-stream1-00216.m4s
[dash] D: GET /chunk-stream0-00216.m4s
[dash] D: GET /live.mpd
[dash] D: GET /chunk-stream1-00217.m4s
[dash] D: GET /chunk-stream0-00217.m4s
[dash] D: GET /live.mpd
[dash] D: GET /chunk-stream1-00218.m4s
[dash] D: GET /chunk-stream0-00218.m4s
[dash] D: GET /live.mpd
[dash] D: GET /chunk-stream1-00219.m4s
[dash] D: GET /chunk-stream0-00219.m4s
[dash] I: stats: req=1020 mpd=580 seg=440 404=0 full=1020 prog=0 hold=0 (0 ms avg) restart=0
[dash] D: GET /live.mpd
[dash] D: GET /chunk-stream1-00220.m4s
[dash] D: GET /chunk-stream0-00220.m4s
[dash] D: GET /live.mpd
[dash] D: GET /chunk-stream1-00221.m4s
[dash] D: GET /chunk-stream0-00221.m4s
[dash] D: GET /live.mpd
[dash] D: GET /chunk-stream1-00222.m4s
[dash] D: GET /chunk-stream0-00222.m4s
[dash] D: GET /live.mpd
[dash] D: GET /chunk-stream1-00223.m4s
[dash] D: GET /chunk-stream0-00223.m4s
[dash] D: GET /live.mpd
[dash] D: GET /chunk-stream1-00224.m4s
[dash] D: GET /chunk-stream0-00224.m4s
[dash] I: stats: req=1035 mpd=585 seg=450 404=0 full=1035 prog=0 hold=0 (0 ms avg) restart=0
[dash] D: GET /live.mpd
[dash] D: GET /chunk-stream1-00225.m4s
[dash] D: GET /chunk-stream0-00225.m4s
[dash] D: GET /live.mpd
[dash] D: GET /chunk-stream1-00226.m4s
[dash] D: GET /chunk-stream1-00227.m4s
[dash] D: GET /chunk-stream0-00226.m4s
[dash] D: GET /chunk-stream0-00227.m4s
[dash] D: GET /live.mpd
[dash] D: GET /chunk-stream1-00228.m4s
[dash] D: GET /chunk-stream1-00229.m4s
[dash] D: GET /chunk-stream0-00228.m4s
[dash] D: GET /chunk-stream0-00229.m4s
[dash] I: stats: req=1048 mpd=588 seg=460 404=0 full=1048 prog=0 hold=0 (0 ms avg) restart=0
[dash] D: GET /live.mpd
[dash] D: GET /chunk-stream1-00230.m4s
[dash] D: GET /chunk-stream1-00231.m4s
[dash] D: GET /chunk-stream0-00230.m4s
[dash] D: GET /chunk-stream0-00231.m4s
[dash] D: GET /live.mpd
[dash] D: GET /chunk-stream1-00232.m4s
[dash] D: GET /chunk-stream1-00233.m4s
[dash] D: GET /chunk-stream0-00232.m4s
[dash] D: GET /chunk-stream0-00233.m4s
[dash] D: GET /live.mpd
[dash] D: GET /chunk-stream1-00234.m4s
[dash] D: GET /chunk-stream1-00235.m4s
[dash] D: GET /chunk-stream0-00234.m4s
[dash] I: stats: req=1062 mpd=591 seg=471 404=0 full=1062 prog=0 hold=0 (0 ms avg) restart=0
[dash] D: GET /chunk-stream0-00235.m4s
[dash] D: GET /live.mpd
[dash] D: GET /chunk-stream1-00236.m4s
[dash] D: GET /chunk-stream1-00237.m4s
[dash] D: GET /chunk-stream0-00236.m4s
[dash] D: GET /chunk-stream0-00237.m4s
[dash] D: GET /live.mpd
[dash] D: GET /chunk-stream1-00238.m4s
[dash] D: GET /chunk-stream1-00239.m4s
[dash] D: GET /chunk-stream0-00238.m4s
[dash] D: GET /chunk-stream0-00239.m4s
[dash] I: stats: req=1073 mpd=593 seg=480 404=0 full=1073 prog=0 hold=0 (0 ms avg) restart=0
[dash] D: GET /live.mpd
[dash] D: GET /chunk-stream1-00240.m4s
[dash] D: GET /chunk-stream1-00241.m4s
[dash] D: GET /chunk-stream0-00240.m4s
[dash] D: GET /chunk-stream0-00241.m4s
[dash] D: GET /live.mpd
[dash] D: GET /chunk-stream1-00242.m4s
[dash] D: GET /chunk-stream1-00243.m4s
[dash] D: GET /chunk-stream0-00242.m4s
[dash] D: GET /chunk-stream0-00243.m4s
[dash] D: GET /live.mpd
[dash] D: GET /chunk-stream1-00244.m4s
[dash] D: GET /chunk-stream1-00245.m4s
[dash] D: GET /chunk-stream0-00244.m4s
[dash] I: stats: req=1087 mpd=596 seg=491 404=0 full=1087 prog=0 hold=0 (0 ms avg) restart=0
[dash] D: GET /chunk-stream0-00245.m4s
[dash] D: GET /live.mpd
[dash] D: GET /chunk-stream1-00246.m4s
[dash] D: GET /chunk-stream1-00247.m4s
[dash] D: GET /chunk-stream0-00246.m4s
[dash] D: GET /chunk-stream0-00247.m4s
[dash] D: GET /live.mpd
[dash] D: GET /chunk-stream1-00248.m4s
[dash] D: GET /chunk-stream1-00249.m4s
[dash] D: GET /chunk-stream0-00248.m4s
[dash] D: GET /chunk-stream0-00249.m4s
[dash] I: stats: req=1098 mpd=598 seg=500 404=0 full=1098 prog=0 hold=0 (0 ms avg) restart=0
[dash] D: GET /live.mpd
[dash] D: GET /chunk-stream1-00250.m4s
[dash] D: GET /chunk-stream1-00251.m4s
[dash] D: GET /chunk-stream0-00250.m4s
[dash] D: GET /chunk-stream0-00251.m4s
[dash] D: GET /live.mpd
[dash] D: GET /chunk-stream1-00252.m4s
[dash] D: GET /chunk-stream1-00253.m4s
[dash] D: GET /chunk-stream0-00252.m4s
[dash] D: GET /chunk-stream0-00253.m4s
[dash] D: GET /live.mpd
[dash] D: GET /chunk-stream1-00254.m4s
[dash] D: GET /chunk-stream1-00255.m4s
[dash] D: GET /chunk-stream0-00254.m4s
[dash] I: stats: req=1112 mpd=601 seg=511 404=0 full=1112 prog=0 hold=0 (0 ms avg) restart=0
[dash] D: GET /chunk-stream0-00255.m4s
[mp4 @ 0x5adca260f980] Application provided duration: -1 / timestamp: 11422719 is out of range for mov/mp4 format
[dash] D: GET /live.mpd
[dash] D: GET /chunk-stream1-00256.m4s
[dash] D: GET /chunk-stream1-00257.m4s
[dash] D: GET /chunk-stream0-00256.m4s
[dash] D: GET /chunk-stream0-00257.m4s
[dash] D: GET /live.mpd
[dash] D: GET /chunk-stream1-00258.m4s
[dash] D: GET /chunk-stream1-00259.m4s
[dash] D: GET /chunk-stream1-00260.m4s
[dash] D: GET /chunk-stream0-00258.m4s
[dash] D: GET /chunk-stream0-00259.m4s
[dash] I: stats: req=1124 mpd=603 seg=521 404=0 full=1124 prog=0 hold=0 (0 ms avg) restart=0
[mp4 @ 0x5adca260f980] Application provided duration: -1 / timestamp: 11598847 is out of range for mov/mp4 format
[dash] D: GET /chunk-stream0-00260.m4s
[dash] D: GET /live.mpd
[dash] D: GET /chunk-stream1-00261.m4s
[dash] D: GET /chunk-stream1-00262.m4s
[dash] D: GET /chunk-stream1-00263.m4s
[dash] D: GET /chunk-stream0-00261.m4s
[dash] D: GET /chunk-stream0-00262.m4s
[dash] D: GET /chunk-stream0-00263.m4s
[mp4 @ 0x5adca260f980] Application provided duration: -1 / timestamp: 11774975 is out of range for mov/mp4 format
[dash] D: GET /live.mpd
[dash] D: GET /chunk-stream1-00264.m4s
[dash] D: GET /chunk-stream1-00265.m4s
[dash] D: GET /chunk-stream1-00266.m4s
[dash] D: GET /chunk-stream0-00264.m4s
[dash] I: stats: req=1137 mpd=605 seg=532 404=0 full=1137 prog=0 hold=0 (0 ms avg) restart=0
[dash] D: GET /chunk-stream0-00265.m4s
[dash] D: GET /chunk-stream0-00266.m4s
[dash] D: GET /live.mpd
[dash] D: GET /chunk-stream1-00267.m4s
[dash] D: GET /chunk-stream1-00268.m4s
[dash] D: GET /chunk-stream1-00269.m4s
[dash] D: GET /chunk-stream0-00267.m4s
[mp4 @ 0x5adca260f980] Application provided duration: -1 / timestamp: 11951103 is out of range for mov/mp4 format
[dash] D: GET /chunk-stream0-00268.m4s
[mp4 @ 0x5adca260f980] Application provided duration: -1 / timestamp: 11996159 is out of range for mov/mp4 format
[dash] D: GET /chunk-stream0-00269.m4s
[dash] I: stats: req=1146 mpd=606 seg=540 404=0 full=1146 prog=0 hold=0 (0 ms avg) restart=0
[dash] D: GET /live.mpd
[dash] D: GET /chunk-stream1-00270.m4s
[dash] D: GET /chunk-stream1-00271.m4s
[dash] D: GET /chunk-stream1-00272.m4s
[dash] D: GET /chunk-stream0-00270.m4s
[dash] D: GET /chunk-stream0-00271.m4s
[dash] D: GET /chunk-stream0-00272.m4s
[dash] D: GET /live.mpd
[dash] D: GET /chunk-stream1-00273.m4s
[dash] D: GET /chunk-stream1-00274.m4s
[dash] D: GET /chunk-stream1-00275.m4s
[mp4 @ 0x5adca260f980] Application provided duration: -1 / timestamp: 12216319 is out of range for mov/mp4 format
[dash] D: GET /chunk-stream0-00273.m4s
[dash] D: GET /chunk-stream0-00274.m4s
[dash] I: stats: req=1159 mpd=608 seg=551 404=0 full=1159 prog=0 hold=0 (0 ms avg) restart=0
[dash] D: GET /chunk-stream0-00275.m4s
[dash] D: GET /live.mpd
[dash] D: GET /chunk-stream1-00276.m4s
[dash] D: GET /chunk-stream1-00277.m4s
[dash] D: GET /chunk-stream1-00278.m4s
[dash] D: GET /chunk-stream0-00276.m4s
[dash] D: GET /chunk-stream0-00277.m4s
[mp4 @ 0x5adca260f980] Application provided duration: -1 / timestamp: 12392447 is out of range for mov/mp4 format
[dash] D: GET /chunk-stream0-00278.m4s
[dash] D: GET /live.mpd
[dash] D: GET /chunk-stream1-00279.m4s
[dash] D: GET /chunk-stream1-00280.m4s
[dash] D: GET /chunk-stream1-00281.m4s
[dash] D: GET /chunk-stream0-00279.m4s
[dash] I: stats: req=1172 mpd=610 seg=562 404=0 full=1172 prog=0 hold=0 (0 ms avg) restart=0
[dash] D: GET /chunk-stream0-00280.m4s
[mp4 @ 0x5adca260f980] Application provided duration: -1 / timestamp: 12568575 is out of range for mov/mp4 format
[dash] D: GET /chunk-stream0-00281.m4s
[dash] D: GET /live.mpd
[dash] D: GET /chunk-stream1-00282.m4s
[dash] D: GET /chunk-stream1-00283.m4s
[dash] D: GET /chunk-stream1-00284.m4s
[dash] D: GET /chunk-stream0-00282.m4s
[dash] D: GET /chunk-stream0-00283.m4s
[dash] D: GET /chunk-stream0-00284.m4s
[dash] I: stats: req=1181 mpd=611 seg=570 404=0 full=1181 prog=0 hold=0 (0 ms avg) restart=0
[dash] D: GET /live.mpd
[dash] D: GET /chunk-stream1-00285.m4s
[dash] D: GET /chunk-stream1-00286.m4s
[dash] D: GET /chunk-stream1-00287.m4s
[dash] D: GET /chunk-stream0-00285.m4s
[dash] D: GET /chunk-stream0-00286.m4s
[dash] D: GET /chunk-stream0-00287.m4s
[dash] D: GET /live.mpd
[dash] D: GET /chunk-stream1-00288.m4s
[dash] D: GET /chunk-stream1-00289.m4s
[dash] D: GET /chunk-stream1-00290.m4s
[dash] D: GET /chunk-stream0-00288.m4s
[dash] D: GET /chunk-stream0-00289.m4s
[dash] I: stats: req=1194 mpd=613 seg=581 404=0 full=1194 prog=0 hold=0 (0 ms avg) restart=0
[dash] D: GET /chunk-stream0-00290.m4s
[mp4 @ 0x5adca260f980] Application provided duration: -1 / timestamp: 13009919 is out of range for mov/mp4 format
[dash] D: GET /live.mpd
[dash] D: GET /chunk-stream1-00291.m4s
[dash] D: GET /chunk-stream1-00292.m4s
[dash] D: GET /chunk-stream1-00293.m4s
[dash] D: GET /chunk-stream1-00294.m4s
[dash] D: GET /chunk-stream0-00291.m4s
[dash] D: GET /chunk-stream0-00292.m4s
[dash] D: GET /chunk-stream0-00293.m4s
[dash] D: GET /chunk-stream0-00294.m4s
[mp4 @ 0x5adca260f980] Application provided duration: -1 / timestamp: 13186047 is out of range for mov/mp4 format
[dash] I: stats: req=1204 mpd=614 seg=590 404=0 full=1204 prog=0 hold=0 (0 ms avg) restart=0
[dash] D: GET /live.mpd
[dash] D: GET /chunk-stream1-00295.m4s
[dash] D: GET /chunk-stream1-00296.m4s
[dash] D: GET /chunk-stream1-00297.m4s
[dash] D: GET /chunk-stream1-00298.m4s
[dash] D: GET /chunk-stream0-00295.m4s
[dash] D: GET /chunk-stream0-00296.m4s
[dash] D: GET /chunk-stream0-00297.m4s
[dash] D: GET /chunk-stream0-00298.m4s
[dash] D: GET /live.mpd
[dash] D: GET /chunk-stream1-00299.m4s
[dash] D: GET /chunk-stream1-00300.m4s
[dash] D: GET /chunk-stream1-00301.m4s
[dash] D: GET /chunk-stream1-00302.m4s
[dash] D: GET /chunk-stream0-00299.m4s
[mp4 @ 0x5adca260f980] Application provided duration: -1 / timestamp: 13407231 is out of range for mov/mp4 format
[dash] I: stats: req=1219 mpd=616 seg=603 404=0 full=1219 prog=0 hold=0 (0 ms avg) restart=0
[dash] D: GET /chunk-stream0-00300.m4s
[dash] D: GET /chunk-stream0-00301.m4s
[dash] D: GET /chunk-stream0-00302.m4s
[dash] D: GET /live.mpd
[dash] D: GET /chunk-stream1-00303.m4s
[dash] D: GET /chunk-stream1-00304.m4s
[dash] D: GET /chunk-stream1-00305.m4s
[dash] D: GET /chunk-stream1-00306.m4s
[dash] D: GET /chunk-stream0-00303.m4s
[dash] D: GET /chunk-stream0-00304.m4s
[mp4 @ 0x5adca260f980] Application provided duration: -1 / timestamp: 13627391 is out of range for mov/mp4 format
[dash] I: stats: req=1229 mpd=617 seg=612 404=0 full=1229 prog=0 hold=0 (0 ms avg) restart=0
[dash] D: GET /chunk-stream0-00305.m4s
[dash] D: GET /chunk-stream0-00306.m4s
[dash] D: GET /live.mpd
[dash] D: GET /chunk-stream1-00307.m4s
[dash] D: GET /chunk-stream1-00308.m4s
[dash] D: GET /chunk-stream1-00309.m4s
[dash] D: GET /chunk-stream1-00310.m4s
[dash] D: GET /chunk-stream0-00307.m4s
[dash] D: GET /chunk-stream0-00308.m4s
[mp4 @ 0x5adca260f980] Application provided duration: -1 / timestamp: 13803519 is out of range for mov/mp4 format
[dash] D: GET /chunk-stream0-00309.m4s
[dash] I: stats: req=1239 mpd=618 seg=621 404=0 full=1239 prog=0 hold=0 (0 ms avg) restart=0
[dash] D: GET /chunk-stream0-00310.m4s
[dash] D: GET /live.mpd
[dash] D: GET /chunk-stream1-00311.m4s
[dash] D: GET /chunk-stream1-00312.m4s
[dash] D: GET /chunk-stream1-00313.m4s
[dash] D: GET /chunk-stream1-00314.m4s
[dash] D: GET /chunk-stream0-00311.m4s
[dash] D: GET /chunk-stream0-00312.m4s
[mp4 @ 0x5adca260f980] Application provided duration: -1 / timestamp: 14024703 is out of range for mov/mp4 format
[dash] D: GET /chunk-stream0-00313.m4s
[dash] D: GET /chunk-stream0-00314.m4s
[dash] I: stats: req=1249 mpd=619 seg=630 404=0 full=1249 prog=0 hold=0 (0 ms avg) restart=0
[dash] D: GET /live.mpd
[dash] D: GET /chunk-stream1-00315.m4s
[dash] D: GET /chunk-stream1-00316.m4s
[dash] D: GET /chunk-stream1-00317.m4s
[dash] D: GET /chunk-stream1-00318.m4s
[dash] D: GET /chunk-stream0-00315.m4s
[dash] D: GET /chunk-stream0-00316.m4s
[mp4 @ 0x5adca260f980] Application provided duration: -1 / timestamp: 14200831 is out of range for mov/mp4 format
[dash] D: GET /chunk-stream0-00317.m4s
[dash] D: GET /chunk-stream0-00318.m4s
[dash] D: GET /live.mpd
[dash] D: GET /chunk-stream1-00319.m4s
[dash] D: GET /chunk-stream1-00320.m4s
[dash] D: GET /chunk-stream1-00321.m4s
[dash] D: GET /chunk-stream1-00322.m4s
[dash] D: GET /chunk-stream0-00319.m4s
[dash] D: GET /chunk-stream0-00320.m4s
[dash] I: stats: req=1265 mpd=621 seg=644 404=0 full=1265 prog=0 hold=0 (0 ms avg) restart=0
[dash] D: GET /chunk-stream0-00321.m4s
[mp4 @ 0x5adca260f980] Application provided duration: -1 / timestamp: 14420991 is out of range for mov/mp4 format
[dash] D: GET /chunk-stream0-00322.m4s
[dash] D: GET /live.mpd
[dash] D: GET /chunk-stream1-00323.m4s
[dash] D: GET /chunk-stream1-00324.m4s
[dash] D: GET /chunk-stream1-00325.m4s
[dash] D: GET /chunk-stream1-00326.m4s
[dash] D: GET /chunk-stream1-00327.m4s
[dash] D: GET /chunk-stream0-00323.m4s
[dash] D: GET /chunk-stream0-00324.m4s
[dash] I: stats: req=1275 mpd=622 seg=653 404=0 full=1275 prog=0 hold=0 (0 ms avg) restart=0
[dash] D: GET /chunk-stream0-00325.m4s
[mp4 @ 0x5adca260f980] Application provided duration: -1 / timestamp: 14597119 is out of range for mov/mp4 format
[dash] D: GET /chunk-stream0-00326.m4s
[mp4 @ 0x5adca260f980] Application provided duration: -1 / timestamp: 14642175 is out of range for mov/mp4 format
[dash] D: GET /chunk-stream0-00327.m4s
[dash] D: GET /live.mpd
[dash] D: GET /chunk-stream1-00328.m4s
[dash] D: GET /chunk-stream1-00329.m4s
[dash] D: GET /chunk-stream1-00330.m4s
[dash] D: GET /chunk-stream1-00331.m4s
[dash] D: GET /chunk-stream1-00332.m4s
[dash] D: GET /chunk-stream0-00328.m4s
[dash] D: GET /chunk-stream0-00329.m4s
[dash] I: stats: req=1286 mpd=623 seg=663 404=0 full=1286 prog=0 hold=0 (0 ms avg) restart=0
[dash] D: GET /chunk-stream0-00330.m4s
[mp4 @ 0x5adca260f980] Application provided duration: -1 / timestamp: 14818303 is out of range for mov/mp4 format
[dash] D: GET /chunk-stream0-00331.m4s
[dash] D: GET /chunk-stream0-00332.m4s
[dash] D: GET /live.mpd
[dash] D: GET /chunk-stream1-00333.m4s
[dash] D: GET /chunk-stream1-00334.m4s
[dash] D: GET /chunk-stream1-00335.m4s
[dash] D: GET /chunk-stream1-00336.m4s
[dash] D: GET /chunk-stream1-00337.m4s
[dash] D: GET /chunk-stream0-00333.m4s
[dash] D: GET /chunk-stream0-00334.m4s
[mp4 @ 0x5adca260f980] Application provided duration: -1 / timestamp: 14994431 is out of range for mov/mp4 format
[dash] I: stats: req=1297 mpd=624 seg=673 404=0 full=1297 prog=0 hold=0 (0 ms avg) restart=0
[dash] D: GET /chunk-stream0-00335.m4s
[dash] D: GET /chunk-stream0-00336.m4s
[dash] D: GET /chunk-stream0-00337.m4s
[dash] D: GET /live.mpd
[dash] D: GET /chunk-stream1-00338.m4s
[dash] D: GET /chunk-stream1-00339.m4s
[dash] D: GET /chunk-stream1-00340.m4s
[dash] D: GET /chunk-stream1-00341.m4s
[dash] D: GET /chunk-stream1-00342.m4s
[dash] D: GET /chunk-stream0-00338.m4s
[dash] D: GET /chunk-stream0-00339.m4s
[mp4 @ 0x5adca260f980] Application provided duration: -1 / timestamp: 15214591 is out of range for mov/mp4 format
[dash] I: stats: req=1308 mpd=625 seg=683 404=0 full=1308 prog=0 hold=0 (0 ms avg) restart=0
[dash] D: GET /chunk-stream0-00340.m4s
[dash] D: GET /chunk-stream0-00341.m4s
[dash] D: GET /chunk-stream0-00342.m4s
[dash] D: GET /live.mpd
[dash] D: GET /chunk-stream1-00343.m4s
[dash] D: GET /chunk-stream1-00344.m4s
[dash] D: GET /chunk-stream1-00345.m4s
[dash] D: GET /chunk-stream1-00346.m4s
[dash] D: GET /chunk-stream1-00347.m4s
[dash] D: GET /chunk-stream0-00343.m4s
[mp4 @ 0x5adca260f980] Application provided duration: -1 / timestamp: 15435775 is out of range for mov/mp4 format
[dash] D: GET /chunk-stream0-00344.m4s
[dash] I: stats: req=1319 mpd=626 seg=693 404=0 full=1319 prog=0 hold=0 (0 ms avg) restart=0
[dash] D: GET /chunk-stream0-00345.m4s
[dash] D: GET /chunk-stream0-00346.m4s
[dash] D: GET /chunk-stream0-00347.m4s
[mp4 @ 0x5adca260f980] Application provided duration: -1 / timestamp: 15611903 is out of range for mov/mp4 format
[dash] D: GET /live.mpd
[dash] D: GET /chunk-stream1-00348.m4s
[dash] D: GET /chunk-stream1-00349.m4s
[dash] D: GET /chunk-stream1-00350.m4s
[dash] D: GET /chunk-stream1-00351.m4s
[dash] D: GET /chunk-stream1-00352.m4s
[dash] D: GET /chunk-stream0-00348.m4s
[dash] D: GET /chunk-stream0-00349.m4s
[dash] I: stats: req=1330 mpd=627 seg=703 404=0 full=1330 prog=0 hold=0 (0 ms avg) restart=0
[dash] D: GET /chunk-stream0-00350.m4s
[dash] D: GET /chunk-stream0-00351.m4s
[dash] D: GET /chunk-stream0-00352.m4s
[mp4 @ 0x5adca260f980] Application provided duration: -1 / timestamp: 15832063 is out of range for mov/mp4 format
[dash] D: GET /live.mpd
[dash] D: GET /chunk-stream1-00353.m4s
[dash] D: GET /chunk-stream1-00354.m4s
[dash] D: GET /chunk-stream1-00355.m4s
[dash] D: GET /chunk-stream1-00356.m4s
[dash] D: GET /chunk-stream1-00357.m4s
[dash] D: GET /chunk-stream0-00353.m4s
[dash] D: GET /chunk-stream0-00354.m4s
[dash] I: stats: req=1341 mpd=628 seg=713 404=0 full=1341 prog=0 hold=0 (0 ms avg) restart=0
[dash] D: GET /chunk-stream0-00355.m4s
[dash] D: GET /chunk-stream0-00356.m4s
[dash] D: GET /chunk-stream0-00357.m4s
[mp4 @ 0x5adca260f980] Application provided duration: -1 / timestamp: 16053247 is out of range for mov/mp4 format
[dash] D: GET /live.mpd
[dash] D: GET /chunk-stream1-00358.m4s
[dash] D: GET /chunk-stream1-00359.m4s
[dash] D: GET /chunk-stream1-00360.m4s
[dash] D: GET /chunk-stream1-00361.m4s
[dash] D: GET /chunk-stream1-00362.m4s
[dash] D: GET /chunk-stream1-00363.m4s
[dash] D: GET /chunk-stream0-00358.m4s
[dash] D: GET /chunk-stream0-00359.m4s
[dash] I: stats: req=1353 mpd=629 seg=724 404=0 full=1353 prog=0 hold=0 (0 ms avg) restart=0
[dash] D: GET /chunk-stream0-00360.m4s
[dash] D: GET /chunk-stream0-00361.m4s
[mp4 @ 0x5adca260f980] Application provided duration: -1 / timestamp: 16229375 is out of range for mov/mp4 format
[dash] D: GET /chunk-stream0-00362.m4s
[dash] D: GET /chunk-stream0-00363.m4s
[dash] D: GET /live.mpd
[dash] D: GET /chunk-stream1-00364.m4s
[dash] D: GET /chunk-stream1-00365.m4s
[dash] D: GET /chunk-stream1-00366.m4s
[dash] D: GET /chunk-stream1-00367.m4s
[dash] D: GET /chunk-stream1-00368.m4s
[dash] D: GET /chunk-stream1-00369.m4s
[dash] D: GET /chunk-stream0-00364.m4s
[dash] D: GET /chunk-stream0-00365.m4s
[dash] I: stats: req=1366 mpd=630 seg=736 404=0 full=1366 prog=0 hold=0 (0 ms avg) restart=0
[mp4 @ 0x5adca260f980] Application provided duration: -1 / timestamp: 16405503 is out of range for mov/mp4 format
[dash] D: GET /chunk-stream0-00366.m4s
[dash] D: GET /chunk-stream0-00367.m4s
[dash] D: GET /chunk-stream0-00368.m4s
[dash] D: GET /chunk-stream0-00369.m4s
[dash] I: stats: req=1370 mpd=630 seg=740 404=0 full=1370 prog=0 hold=0 (0 ms avg) restart=0
[dash] D: GET /live.mpd
[dash] D: GET /chunk-stream1-00370.m4s
[dash] D: GET /chunk-stream1-00371.m4s
[dash] D: GET /chunk-stream1-00372.m4s
[dash] D: GET /chunk-stream1-00373.m4s
[dash] D: GET /chunk-stream1-00374.m4s
[dash] D: GET /chunk-stream1-00375.m4s
[dash] D: GET /chunk-stream0-00370.m4s
[dash] D: GET /chunk-stream0-00371.m4s
[mp4 @ 0x5adca260f980] Application provided duration: -1 / timestamp: 16670719 is out of range for mov/mp4 format
[dash] D: GET /chunk-stream0-00372.m4s
[dash] D: GET /chunk-stream0-00373.m4s
[dash] D: GET /chunk-stream0-00374.m4s
[dash] I: stats: req=1382 mpd=631 seg=751 404=0 full=1382 prog=0 hold=0 (0 ms avg) restart=0
[dash] D: GET /chunk-stream0-00375.m4s
[dash] D: GET /live.mpd
[dash] D: GET /chunk-stream1-00376.m4s
[dash] D: GET /chunk-stream1-00377.m4s
[dash] D: GET /chunk-stream1-00378.m4s
[dash] D: GET /chunk-stream1-00379.m4s
[dash] D: GET /chunk-stream1-00380.m4s
[dash] D: GET /chunk-stream1-00381.m4s
[dash] D: GET /chunk-stream0-00376.m4s
[dash] D: GET /chunk-stream0-00377.m4s
[dash] D: GET /chunk-stream0-00378.m4s
[dash] D: GET /chunk-stream0-00379.m4s
[dash] I: stats: req=1394 mpd=632 seg=762 404=0 full=1394 prog=0 hold=0 (0 ms avg) restart=0
[dash] D: GET /chunk-stream0-00380.m4s
[dash] D: GET /chunk-stream0-00381.m4s
[dash] D: GET /live.mpd
[dash] D: GET /chunk-stream1-00382.m4s
[dash] D: GET /chunk-stream1-00383.m4s
[dash] D: GET /chunk-stream1-00384.m4s
[dash] D: GET /chunk-stream1-00385.m4s
[dash] D: GET /chunk-stream1-00386.m4s
[dash] D: GET /chunk-stream1-00387.m4s
[dash] D: GET /chunk-stream0-00382.m4s
[dash] D: GET /chunk-stream0-00383.m4s
[dash] D: GET /chunk-stream0-00384.m4s
[dash] I: stats: req=1406 mpd=633 seg=773 404=0 full=1406 prog=0 hold=0 (0 ms avg) restart=0
[dash] D: GET /chunk-stream0-00385.m4s
[dash] D: GET /chunk-stream0-00386.m4s
[dash] D: GET /chunk-stream0-00387.m4s
[dash] D: GET /live.mpd
[dash] D: GET /chunk-stream1-00388.m4s
[dash] D: GET /chunk-stream1-00389.m4s
[dash] D: GET /chunk-stream1-00390.m4s
[dash] D: GET /chunk-stream1-00391.m4s
[dash] D: GET /chunk-stream1-00392.m4s
[dash] D: GET /chunk-stream1-00393.m4s
[dash] D: GET /chunk-stream1-00394.m4s
[dash] D: GET /chunk-stream0-00388.m4s
[dash] D: GET /chunk-stream0-00389.m4s
[dash] I: stats: req=1419 mpd=634 seg=785 404=0 full=1419 prog=0 hold=0 (0 ms avg) restart=0
[dash] D: GET /chunk-stream0-00390.m4s
[dash] D: GET /chunk-stream0-00391.m4s
[dash] D: GET /chunk-stream0-00392.m4s
[dash] D: GET /chunk-stream0-00393.m4s
[dash] D: GET /chunk-stream0-00394.m4s
[dash] I: stats: req=1424 mpd=634 seg=790 404=0 full=1424 prog=0 hold=0 (0 ms avg) restart=0
[dash] D: GET /live.mpd
[dash] D: GET /chunk-stream1-00395.m4s
[dash] D: GET /chunk-stream1-00396.m4s
[dash] D: GET /chunk-stream1-00397.m4s
[dash] D: GET /chunk-stream1-00398.m4s
[dash] D: GET /chunk-stream1-00399.m4s
[dash] D: GET /chunk-stream1-00400.m4s
[dash] D: GET /chunk-stream1-00401.m4s
[dash] D: GET /chunk-stream0-00395.m4s
[dash] D: GET /chunk-stream0-00396.m4s
[dash] D: GET /chunk-stream0-00397.m4s
[dash] D: GET /chunk-stream0-00398.m4s
[dash] D: GET /chunk-stream0-00399.m4s
[dash] I: stats: req=1437 mpd=635 seg=802 404=0 full=1437 prog=0 hold=0 (0 ms avg) restart=0
[dash] D: GET /chunk-stream0-00400.m4s
[dash] D: GET /chunk-stream0-00401.m4s
[dash] D: GET /live.mpd
[dash] D: GET /chunk-stream1-00402.m4s
[dash] D: GET /chunk-stream1-00403.m4s
[dash] D: GET /chunk-stream1-00404.m4s
[dash] D: GET /chunk-stream1-00405.m4s
[dash] D: GET /chunk-stream1-00406.m4s
[dash] D: GET /chunk-stream1-00407.m4s
[dash] D: GET /chunk-stream1-00408.m4s
[dash] D: GET /chunk-stream0-00402.m4s
[dash] D: GET /chunk-stream0-00403.m4s
[dash] D: GET /chunk-stream0-00404.m4s
[dash] I: stats: req=1450 mpd=636 seg=814 404=0 full=1450 prog=0 hold=0 (0 ms avg) restart=0
[dash] D: GET /chunk-stream0-00405.m4s
[dash] D: GET /chunk-stream0-00406.m4s
[dash] D: GET /chunk-stream0-00407.m4s
[dash] D: GET /chunk-stream0-00408.m4s
[dash] D: GET /live.mpd
[dash] D: GET /chunk-stream1-00409.m4s
[dash] D: GET /chunk-stream1-00410.m4s
[dash] D: GET /chunk-stream1-00411.m4s
[dash] D: GET /chunk-stream1-00412.m4s
[dash] D: GET /chunk-stream1-00413.m4s
[dash] D: GET /chunk-stream1-00414.m4s
[dash] D: GET /chunk-stream1-00415.m4s
[dash] D: GET /chunk-stream0-00409.m4s
[dash] D: GET /chunk-stream0-00410.m4s
[dash] I: stats: req=1464 mpd=637 seg=827 404=0 full=1464 prog=0 hold=0 (0 ms avg) restart=0
[dash] D: GET /chunk-stream0-00411.m4s
[dash] D: GET /chunk-stream0-00412.m4s
[dash] D: GET /chunk-stream0-00413.m4s
[dash] D: GET /chunk-stream0-00414.m4s
[dash] I: stats: req=1468 mpd=637 seg=831 404=0 full=1468 prog=0 hold=0 (0 ms avg) restart=0
[dash] D: GET /chunk-stream0-00415.m4s
[dash] D: GET /live.mpd
[dash] D: GET /chunk-stream1-00416.m4s
[dash] D: GET /chunk-stream1-00417.m4s
[dash] D: GET /chunk-stream1-00418.m4s
[dash] D: GET /chunk-stream1-00419.m4s
[dash] D: GET /chunk-stream1-00420.m4s
[dash] D: GET /chunk-stream1-00421.m4s
[dash] D: GET /chunk-stream1-00422.m4s
[dash] D: GET /chunk-stream0-00416.m4s
[dash] D: GET /chunk-stream0-00417.m4s
[dash] D: GET /chunk-stream0-00418.m4s
[dash] D: GET /chunk-stream0-00419.m4s
[dash] I: stats: req=1481 mpd=638 seg=843 404=0 full=1481 prog=0 hold=0 (0 ms avg) restart=0
[dash] D: GET /chunk-stream0-00420.m4s
[dash] D: GET /chunk-stream0-00421.m4s
[dash] D: GET /chunk-stream0-00422.m4s
[dash] D: GET /live.mpd
[dash] D: GET /chunk-stream1-00423.m4s
[dash] D: GET /chunk-stream1-00424.m4s
[dash] D: GET /chunk-stream1-00425.m4s
[dash] D: GET /chunk-stream1-00426.m4s
[dash] D: GET /chunk-stream1-00427.m4s
[dash] D: GET /chunk-stream1-00428.m4s
[dash] D: GET /chunk-stream1-00429.m4s
[dash] D: GET /chunk-stream1-00430.m4s
[dash] D: GET /chunk-stream0-00423.m4s
[dash] D: GET /chunk-stream0-00424.m4s
[dash] I: stats: req=1495 mpd=639 seg=856 404=0 full=1495 prog=0 hold=0 (0 ms avg) restart=0
[dash] D: GET /chunk-stream0-00425.m4s
[dash] D: GET /chunk-stream0-00426.m4s
[dash] D: GET /chunk-stream0-00427.m4s
[dash] D: GET /chunk-stream0-00428.m4s
[dash] D: GET /chunk-stream0-00429.m4s
[dash] I: stats: req=1500 mpd=639 seg=861 404=0 full=1500 prog=0 hold=0 (0 ms avg) restart=0
[dash] D: GET /chunk-stream0-00430.m4s
[dash] D: GET /live.mpd
[dash] D: GET /chunk-stream1-00431.m4s
[dash] D: GET /chunk-stream1-00432.m4s
[dash] D: GET /chunk-stream1-00433.m4s
[dash] D: GET /chunk-stream1-00434.m4s
[dash] D: GET /chunk-stream1-00435.m4s
[dash] D: GET /chunk-stream1-00436.m4s
[dash] D: GET /chunk-stream1-00437.m4s
[dash] D: GET /chunk-stream1-00438.m4s
[dash] D: GET /chunk-stream0-00431.m4s
[dash] D: GET /chunk-stream0-00432.m4s
[dash] D: GET /chunk-stream0-00433.m4s
[dash] D: GET /chunk-stream0-00434.m4s
[dash] I: stats: req=1514 mpd=640 seg=874 404=0 full=1514 prog=0 hold=0 (0 ms avg) restart=0
[dash] D: GET /chunk-stream0-00435.m4s
[dash] D: GET /chunk-stream0-00436.m4s
[dash] D: GET /chunk-stream0-00437.m4s
[dash] D: GET /chunk-stream0-00438.m4s
[dash] D: GET /live.mpd
[dash] D: GET /chunk-stream1-00439.m4s
[dash] D: GET /chunk-stream1-00440.m4s
[dash] D: GET /chunk-stream1-00441.m4s
[dash] D: GET /chunk-stream1-00442.m4s
[dash] D: GET /chunk-stream1-00443.m4s
[dash] D: GET /chunk-stream1-00444.m4s
[dash] D: GET /chunk-stream1-00445.m4s
[dash] D: GET /chunk-stream1-00446.m4s
[dash] D: GET /chunk-stream0-00439.m4s
[dash] D: GET /chunk-stream0-00440.m4s
[dash] I: stats: req=1529 mpd=641 seg=888 404=0 full=1529 prog=0 hold=0 (0 ms avg) restart=0
[dash] D: GET /chunk-stream0-00441.m4s
[dash] D: GET /chunk-stream0-00442.m4s
[dash] D: GET /chunk-stream0-00443.m4s
[dash] D: GET /chunk-stream0-00444.m4s
[dash] I: stats: req=1533 mpd=641 seg=892 404=0 full=1533 prog=0 hold=0 (0 ms avg) restart=0
[dash] D: GET /chunk-stream0-00445.m4s
[dash] D: GET /chunk-stream0-00446.m4s
[dash] D: GET /live.mpd
[dash] D: GET /chunk-stream1-00447.m4s
[dash] D: GET /chunk-stream1-00448.m4s
[dash] D: GET /chunk-stream1-00449.m4s
[dash] D: GET /chunk-stream1-00450.m4s
[dash] D: GET /chunk-stream1-00451.m4s
[dash] D: GET /chunk-stream1-00452.m4s
[dash] D: GET /chunk-stream1-00453.m4s
[dash] D: GET /chunk-stream1-00454.m4s
[dash] D: GET /chunk-stream0-00447.m4s
[dash] D: GET /chunk-stream0-00448.m4s
[dash] D: GET /chunk-stream0-00449.m4s
[dash] I: stats: req=1547 mpd=642 seg=905 404=0 full=1547 prog=0 hold=0 (0 ms avg) restart=0
[dash] D: GET /chunk-stream0-00450.m4s
[dash] D: GET /chunk-stream0-00451.m4s
[dash] D: GET /chunk-stream0-00452.m4s
[dash] D: GET /chunk-stream0-00453.m4s
[dash] D: GET /chunk-stream0-00454.m4s
[dash] I: stats: req=1552 mpd=642 seg=910 404=0 full=1552 prog=0 hold=0 (0 ms avg) restart=0
[dash] D: GET /live.mpd
[dash] D: GET /chunk-stream1-00455.m4s
[dash] D: GET /chunk-stream1-00456.m4s
[dash] D: GET /chunk-stream1-00457.m4s
[dash] D: GET /chunk-stream1-00458.m4s
[dash] D: GET /chunk-stream1-00459.m4s
[dash] D: GET /chunk-stream1-00460.m4s
[dash] D: GET /chunk-stream1-00461.m4s
[dash] D: GET /chunk-stream1-00462.m4s
[dash] D: GET /chunk-stream1-00463.m4s
[dash] D: GET /chunk-stream0-00455.m4s
[dash] D: GET /chunk-stream0-00456.m4s
[dash] D: GET /chunk-stream0-00457.m4s
[dash] D: GET /chunk-stream0-00458.m4s
[dash] D: GET /chunk-stream0-00459.m4s
[dash] I: stats: req=1567 mpd=643 seg=924 404=0 full=1567 prog=0 hold=0 (0 ms avg) restart=0
[dash] D: GET /chunk-stream0-00460.m4s
[dash] D: GET /chunk-stream0-00461.m4s
[dash] D: GET /chunk-stream0-00462.m4s
[dash] D: GET /chunk-stream0-00463.m4s
[dash] D: GET /live.mpd
[dash] D: GET /chunk-stream1-00464.m4s
[dash] D: GET /chunk-stream1-00465.m4s
[dash] D: GET /chunk-stream1-00466.m4s
[dash] D: GET /chunk-stream1-00467.m4s
[dash] D: GET /chunk-stream1-00468.m4s
[dash] D: GET /chunk-stream1-00469.m4s
[dash] D: GET /chunk-stream1-00470.m4s
[dash] D: GET /chunk-stream1-00471.m4s
[dash] D: GET /chunk-stream1-00472.m4s
[dash] D: GET /chunk-stream0-00464.m4s
[dash] I: stats: req=1582 mpd=644 seg=938 404=0 full=1582 prog=0 hold=0 (0 ms avg) restart=0
[dash] D: GET /chunk-stream0-00465.m4s
[dash] D: GET /chunk-stream0-00466.m4s
[dash] D: GET /chunk-stream0-00467.m4s
[dash] D: GET /chunk-stream0-00468.m4s
[dash] D: GET /chunk-stream0-00469.m4s
[dash] I: stats: req=1587 mpd=644 seg=943 404=0 full=1587 prog=0 hold=0 (0 ms avg) restart=0
[dash] D: GET /chunk-stream0-00470.m4s
[dash] D: GET /chunk-stream0-00471.m4s
[dash] D: GET /chunk-stream0-00472.m4s
[dash] D: GET /live.mpd
[dash] D: GET /chunk-stream1-00473.m4s
[dash] D: GET /chunk-stream1-00474.m4s
[dash] D: GET /chunk-stream1-00475.m4s
[dash] D: GET /chunk-stream1-00476.m4s
[dash] D: GET /chunk-stream1-00477.m4s
[dash] D: GET /chunk-stream1-00478.m4s
[dash] D: GET /chunk-stream1-00479.m4s
[dash] D: GET /chunk-stream1-00480.m4s
[dash] D: GET /chunk-stream1-00481.m4s
[dash] D: GET /chunk-stream0-00473.m4s
[dash] D: GET /chunk-stream0-00474.m4s
[dash] I: stats: req=1602 mpd=645 seg=957 404=0 full=1602 prog=0 hold=0 (0 ms avg) restart=0
[dash] D: GET /chunk-stream0-00475.m4s
[dash] D: GET /chunk-stream0-00476.m4s
[dash] D: GET /chunk-stream0-00477.m4s
[dash] D: GET /chunk-stream0-00478.m4s
[dash] D: GET /chunk-stream0-00479.m4s
[dash] I: stats: req=1607 mpd=645 seg=962 404=0 full=1607 prog=0 hold=0 (0 ms avg) restart=0
[dash] D: GET /chunk-stream0-00480.m4s
[dash] D: GET /chunk-stream0-00481.m4s
[dash] D: GET /live.mpd
[dash] D: GET /chunk-stream1-00482.m4s
[dash] D: GET /chunk-stream1-00483.m4s
[dash] D: GET /chunk-stream1-00484.m4s
[dash] D: GET /chunk-stream1-00485.m4s
[dash] D: GET /chunk-stream1-00486.m4s
[dash] D: GET /chunk-stream1-00487.m4s
[dash] D: GET /chunk-stream1-00488.m4s
[dash] D: GET /chunk-stream1-00489.m4s
[dash] D: GET /chunk-stream1-00490.m4s
[dash] D: GET /chunk-stream0-00482.m4s
[dash] D: GET /chunk-stream0-00483.m4s
[dash] D: GET /chunk-stream0-00484.m4s
[dash] I: stats: req=1622 mpd=646 seg=976 404=0 full=1622 prog=0 hold=0 (0 ms avg) restart=0
[dash] D: GET /chunk-stream0-00485.m4s
[dash] D: GET /chunk-stream0-00486.m4s
[dash] D: GET /chunk-stream0-00487.m4s
[dash] D: GET /chunk-stream0-00488.m4s
[dash] D: GET /chunk-stream0-00489.m4s
[dash] I: stats: req=1627 mpd=646 seg=981 404=0 full=1627 prog=0 hold=0 (0 ms avg) restart=0
[dash] D: GET /chunk-stream0-00490.m4s
[dash] D: GET /live.mpd
[dash] D: GET /chunk-stream1-00491.m4s
[dash] D: GET /chunk-stream1-00492.m4s
[dash] D: GET /chunk-stream1-00493.m4s
[dash] D: GET /chunk-stream1-00494.m4s
[dash] D: GET /chunk-stream1-00495.m4s
[dash] D: GET /chunk-stream1-00496.m4s
[dash] D: GET /chunk-stream1-00497.m4s
[dash] D: GET /chunk-stream1-00498.m4s
[dash] D: GET /chunk-stream1-00499.m4s
[dash] D: GET /chunk-stream1-00500.m4s
[dash] D: GET /chunk-stream0-00491.m4s
[dash] D: GET /chunk-stream0-00492.m4s
[dash] D: GET /chunk-stream0-00493.m4s
[dash] D: GET /chunk-stream0-00494.m4s
[dash] I: stats: req=1643 mpd=647 seg=996 404=0 full=1643 prog=0 hold=0 (0 ms avg) restart=0
[dash] D: GET /chunk-stream0-00495.m4s
[dash] D: GET /chunk-stream0-00496.m4s
[dash] D: GET /chunk-stream0-00497.m4s
[dash] D: GET /chunk-stream0-00498.m4s
[dash] D: GET /chunk-stream0-00499.m4s
[dash] I: stats: req=1648 mpd=647 seg=1001 404=0 full=1648 prog=0 hold=0 (0 ms avg) restart=0
[dash] D: GET /chunk-stream0-00500.m4s
[dash] D: GET /live.mpd
[dash] D: GET /chunk-stream1-00501.m4s
[dash] D: GET /chunk-stream1-00502.m4s
[dash] D: GET /chunk-stream1-00503.m4s
[dash] D: GET /chunk-stream1-00504.m4s
[dash] D: GET /chunk-stream1-00505.m4s
[dash] D: GET /chunk-stream1-00506.m4s
[dash] D: GET /chunk-stream1-00507.m4s
[dash] D: GET /chunk-stream1-00508.m4s
[dash] D: GET /chunk-stream1-00509.m4s
[dash] D: GET /chunk-stream1-00510.m4s
[dash] D: GET /chunk-stream0-00501.m4s
[dash] D: GET /chunk-stream0-00502.m4s
[dash] D: GET /chunk-stream0-00503.m4s
[dash] D: GET /chunk-stream0-00504.m4s
[dash] I: stats: req=1664 mpd=648 seg=1016 404=0 full=1664 prog=0 hold=0 (0 ms avg) restart=0
[dash] D: GET /chunk-stream0-00505.m4s
[mp4 @ 0x5adca260f980] Application provided duration: -1 / timestamp: 22800383 is out of range for mov/mp4 format
[dash] D: GET /chunk-stream0-00506.m4s
[dash] D: GET /chunk-stream0-00507.m4s
[dash] D: GET /chunk-stream0-00508.m4s
[dash] D: GET /chunk-stream0-00509.m4s
[dash] I: stats: req=1669 mpd=648 seg=1021 404=0 full=1669 prog=0 hold=0 (0 ms avg) restart=0
[dash] D: GET /chunk-stream0-00510.m4s
[dash] D: GET /live.mpd
[dash] D: GET /chunk-stream1-00511.m4s
[dash] D: GET /chunk-stream1-00512.m4s
[dash] D: GET /chunk-stream1-00513.m4s
[dash] D: GET /chunk-stream1-00514.m4s
[dash] D: GET /chunk-stream1-00515.m4s
[dash] D: GET /chunk-stream1-00516.m4s
[dash] D: GET /chunk-stream1-00517.m4s
[dash] D: GET /chunk-stream1-00518.m4s
[dash] D: GET /chunk-stream1-00519.m4s
[dash] D: GET /chunk-stream1-00520.m4s
[dash] D: GET /chunk-stream0-00511.m4s
[dash] D: GET /chunk-stream0-00512.m4s
[dash] D: GET /chunk-stream0-00513.m4s
[mp4 @ 0x5adca260f980] Application provided duration: -1 / timestamp: 23152639 is out of range for mov/mp4 format
[dash] D: GET /chunk-stream0-00514.m4s
[dash] I: stats: req=1685 mpd=649 seg=1036 404=0 full=1685 prog=0 hold=0 (0 ms avg) restart=0
[dash] D: GET /chunk-stream0-00515.m4s
[dash] D: GET /chunk-stream0-00516.m4s
[dash] D: GET /chunk-stream0-00517.m4s
[dash] D: GET /chunk-stream0-00518.m4s
[dash] D: GET /chunk-stream0-00519.m4s
[dash] I: stats: req=1690 mpd=649 seg=1041 404=0 full=1690 prog=0 hold=0 (0 ms avg) restart=0
[dash] D: GET /chunk-stream0-00520.m4s
[dash] D: GET /live.mpd
[dash] D: GET /chunk-stream1-00521.m4s
[dash] D: GET /chunk-stream1-00522.m4s
[dash] D: GET /chunk-stream1-00523.m4s
[dash] D: GET /chunk-stream1-00524.m4s
[dash] D: GET /chunk-stream1-00525.m4s
[dash] D: GET /chunk-stream1-00526.m4s
[dash] D: GET /chunk-stream1-00527.m4s
[dash] D: GET /chunk-stream1-00528.m4s
[dash] D: GET /chunk-stream1-00529.m4s
[dash] D: GET /chunk-stream1-00530.m4s
[dash] D: GET /chunk-stream1-00531.m4s
[dash] D: GET /chunk-stream0-00521.m4s
[dash] D: GET /chunk-stream0-00522.m4s
[dash] D: GET /chunk-stream0-00523.m4s
[mp4 @ 0x5adca260f980] Application provided duration: -1 / timestamp: 23593983 is out of range for mov/mp4 format
[dash] D: GET /chunk-stream0-00524.m4s
[dash] I: stats: req=1707 mpd=650 seg=1057 404=0 full=1707 prog=0 hold=0 (0 ms avg) restart=0
[dash] D: GET /chunk-stream0-00525.m4s
[dash] D: GET /chunk-stream0-00526.m4s
[dash] D: GET /chunk-stream0-00527.m4s
[dash] D: GET /chunk-stream0-00528.m4s
[dash] D: GET /chunk-stream0-00529.m4s
[dash] I: stats: req=1712 mpd=650 seg=1062 404=0 full=1712 prog=0 hold=0 (0 ms avg) restart=0
[dash] D: GET /chunk-stream0-00530.m4s
[dash] D: GET /chunk-stream0-00531.m4s
[dash] D: GET /live.mpd
[dash] D: GET /chunk-stream1-00532.m4s
[dash] D: GET /chunk-stream1-00533.m4s
[mp4 @ 0x5adca260f980] Application provided duration: -1 / timestamp: 23991295 is out of range for mov/mp4 format
[dash] D: GET /chunk-stream1-00534.m4s
[dash] D: GET /chunk-stream1-00535.m4s
[dash] D: GET /chunk-stream1-00536.m4s
[dash] D: GET /chunk-stream1-00537.m4s
[dash] D: GET /chunk-stream1-00538.m4s
[dash] D: GET /chunk-stream1-00539.m4s
[dash] D: GET /chunk-stream1-00540.m4s
[dash] D: GET /chunk-stream1-00541.m4s
[dash] D: GET /chunk-stream1-00542.m4s
[dash] D: GET /chunk-stream0-00532.m4s
[dash] D: GET /chunk-stream0-00533.m4s
[dash] D: GET /chunk-stream0-00534.m4s
[dash] I: stats: req=1729 mpd=651 seg=1078 404=0 full=1729 prog=0 hold=0 (0 ms avg) restart=0
[dash] D: GET /chunk-stream0-00535.m4s
[dash] D: GET /chunk-stream0-00536.m4s
[dash] D: GET /chunk-stream0-00537.m4s
[dash] D: GET /chunk-stream0-00538.m4s
[dash] D: GET /chunk-stream0-00539.m4s
[dash] I: stats: req=1734 mpd=651 seg=1083 404=0 full=1734 prog=0 hold=0 (0 ms avg) restart=0
[dash] D: GET /chunk-stream0-00540.m4s
[mp4 @ 0x5adca260f980] Application provided duration: -1 / timestamp: 24387583 is out of range for mov/mp4 format
[dash] D: GET /chunk-stream0-00541.m4s
[dash] D: GET /chunk-stream0-00542.m4s
[dash] D: GET /live.mpd
[dash] D: GET /chunk-stream1-00543.m4s
[dash] D: GET /chunk-stream1-00544.m4s
[dash] D: GET /chunk-stream1-00545.m4s
[dash] D: GET /chunk-stream1-00546.m4s
[dash] D: GET /chunk-stream1-00547.m4s
[dash] D: GET /chunk-stream1-00548.m4s
[dash] D: GET /chunk-stream1-00549.m4s
[dash] D: GET /chunk-stream1-00550.m4s
[dash] D: GET /chunk-stream1-00551.m4s
[dash] D: GET /chunk-stream1-00552.m4s
[dash] D: GET /chunk-stream1-00553.m4s
[dash] D: GET /chunk-stream0-00543.m4s
[dash] D: GET /chunk-stream0-00544.m4s
[dash] I: stats: req=1751 mpd=652 seg=1099 404=0 full=1751 prog=0 hold=0 (0 ms avg) restart=0
[dash] D: GET /chunk-stream0-00545.m4s
[dash] D: GET /chunk-stream0-00546.m4s
[dash] D: GET /chunk-stream0-00547.m4s
[dash] D: GET /chunk-stream0-00548.m4s
[dash] D: GET /chunk-stream0-00549.m4s
[mp4 @ 0x5adca260f980] Application provided duration: -1 / timestamp: 24784895 is out of range for mov/mp4 format
[dash] I: stats: req=1756 mpd=652 seg=1104 404=0 full=1756 prog=0 hold=0 (0 ms avg) restart=0
[dash] D: GET /chunk-stream0-00550.m4s
[dash] D: GET /chunk-stream0-00551.m4s
[dash] D: GET /chunk-stream0-00552.m4s
[dash] D: GET /chunk-stream0-00553.m4s
[dash] D: GET /live.mpd
[dash] D: GET /chunk-stream1-00554.m4s
[dash] D: GET /chunk-stream1-00555.m4s
[dash] D: GET /chunk-stream1-00556.m4s
[dash] D: GET /chunk-stream1-00557.m4s
[dash] D: GET /chunk-stream1-00558.m4s
[dash] D: GET /chunk-stream1-00559.m4s
[dash] D: GET /chunk-stream1-00560.m4s
[dash] D: GET /chunk-stream1-00561.m4s
[dash] D: GET /chunk-stream1-00562.m4s
[dash] D: GET /chunk-stream1-00563.m4s
[dash] D: GET /chunk-stream1-00564.m4s
[dash] D: GET /chunk-stream1-00565.m4s
[dash] D: GET /chunk-stream0-00554.m4s
[dash] I: stats: req=1774 mpd=653 seg=1121 404=0 full=1774 prog=0 hold=0 (0 ms avg) restart=0
[dash] D: GET /chunk-stream0-00555.m4s
[dash] D: GET /chunk-stream0-00556.m4s
[dash] D: GET /chunk-stream0-00557.m4s
[dash] D: GET /chunk-stream0-00558.m4s
[mp4 @ 0x5adca260f980] Application provided duration: -1 / timestamp: 25181183 is out of range for mov/mp4 format
[dash] D: GET /chunk-stream0-00559.m4s
[dash] I: stats: req=1779 mpd=653 seg=1126 404=0 full=1779 prog=0 hold=0 (0 ms avg) restart=0
[dash] D: GET /chunk-stream0-00560.m4s
[dash] D: GET /chunk-stream0-00561.m4s
[dash] D: GET /chunk-stream0-00562.m4s
[dash] D: GET /chunk-stream0-00563.m4s
[dash] D: GET /chunk-stream0-00564.m4s
[dash] I: stats: req=1784 mpd=653 seg=1131 404=0 full=1784 prog=0 hold=0 (0 ms avg) restart=0
[dash] D: GET /chunk-stream0-00565.m4s
[dash] D: GET /live.mpd
[dash] D: GET /chunk-stream1-00566.m4s
[dash] D: GET /chunk-stream1-00567.m4s
[dash] D: GET /chunk-stream1-00568.m4s
[dash] D: GET /chunk-stream1-00569.m4s
[dash] D: GET /chunk-stream1-00570.m4s
[dash] D: GET /chunk-stream1-00571.m4s
[dash] D: GET /chunk-stream1-00572.m4s
[dash] D: GET /chunk-stream1-00573.m4s
[dash] D: GET /chunk-stream1-00574.m4s
[dash] D: GET /chunk-stream1-00575.m4s
[dash] D: GET /chunk-stream1-00576.m4s
[dash] D: GET /chunk-stream1-00577.m4s
[dash] D: GET /chunk-stream0-00566.m4s
[dash] D: GET /chunk-stream0-00567.m4s
[mp4 @ 0x5adca260f980] Application provided duration: -1 / timestamp: 25622527 is out of range for mov/mp4 format
[dash] D: GET /chunk-stream0-00568.m4s
[dash] D: GET /chunk-stream0-00569.m4s
[dash] I: stats: req=1802 mpd=654 seg=1148 404=0 full=1802 prog=0 hold=0 (0 ms avg) restart=0
[dash] D: GET /chunk-stream0-00570.m4s
[dash] D: GET /chunk-stream0-00571.m4s
[dash] D: GET /chunk-stream0-00572.m4s
[dash] D: GET /chunk-stream0-00573.m4s
[dash] D: GET /chunk-stream0-00574.m4s
[dash] I: stats: req=1807 mpd=654 seg=1153 404=0 full=1807 prog=0 hold=0 (0 ms avg) restart=0
[dash] D: GET /chunk-stream0-00575.m4s
[dash] D: GET /chunk-stream0-00576.m4s
[mp4 @ 0x5adca260f980] Application provided duration: -1 / timestamp: 26019839 is out of range for mov/mp4 format
[dash] D: GET /chunk-stream0-00577.m4s
[dash] D: GET /live.mpd
[dash] D: GET /chunk-stream1-00578.m4s
[dash] D: GET /chunk-stream1-00579.m4s
[dash] D: GET /chunk-stream1-00580.m4s
[dash] D: GET /chunk-stream1-00581.m4s
[dash] D: GET /chunk-stream1-00582.m4s
[dash] D: GET /chunk-stream1-00583.m4s
[dash] D: GET /chunk-stream1-00584.m4s
[dash] D: GET /chunk-stream1-00585.m4s
[dash] D: GET /chunk-stream1-00586.m4s
[dash] D: GET /chunk-stream1-00587.m4s
[dash] D: GET /chunk-stream1-00588.m4s
[dash] D: GET /chunk-stream1-00589.m4s
[dash] D: GET /chunk-stream1-00590.m4s
[dash] D: GET /chunk-stream0-00578.m4s
[dash] D: GET /chunk-stream0-00579.m4s
[dash] I: stats: req=1826 mpd=655 seg=1171 404=0 full=1826 prog=0 hold=0 (0 ms avg) restart=0
[dash] D: GET /chunk-stream0-00580.m4s
[dash] D: GET /chunk-stream0-00581.m4s
[dash] D: GET /chunk-stream0-00582.m4s
[dash] D: GET /chunk-stream0-00583.m4s
[dash] D: GET /chunk-stream0-00584.m4s
[dash] I: stats: req=1831 mpd=655 seg=1176 404=0 full=1831 prog=0 hold=0 (0 ms avg) restart=0
[dash] D: GET /chunk-stream0-00585.m4s
[mp4 @ 0x5adca260f980] Application provided duration: -1 / timestamp: 26416127 is out of range for mov/mp4 format
[dash] D: GET /chunk-stream0-00586.m4s
[dash] D: GET /chunk-stream0-00587.m4s
[dash] D: GET /chunk-stream0-00588.m4s
[dash] D: GET /chunk-stream0-00589.m4s
[dash] I: stats: req=1836 mpd=655 seg=1181 404=0 full=1836 prog=0 hold=0 (0 ms avg) restart=0
[dash] D: GET /chunk-stream0-00590.m4s
[dash] D: GET /live.mpd
[dash] D: GET /chunk-stream1-00591.m4s
[dash] D: GET /chunk-stream1-00592.m4s
[dash] D: GET /chunk-stream1-00593.m4s
[dash] D: GET /chunk-stream1-00594.m4s
[dash] D: GET /chunk-stream1-00595.m4s
[dash] D: GET /chunk-stream1-00596.m4s
[dash] D: GET /chunk-stream1-00597.m4s
[dash] D: GET /chunk-stream1-00598.m4s
[dash] D: GET /chunk-stream1-00599.m4s
[dash] D: GET /chunk-stream1-00600.m4s
[dash] D: GET /chunk-stream1-00601.m4s
[dash] D: GET /chunk-stream1-00602.m4s
[dash] D: GET /chunk-stream1-00603.m4s
[dash] D: GET /chunk-stream0-00591.m4s
[dash] D: GET /chunk-stream0-00592.m4s
[dash] D: GET /chunk-stream0-00593.m4s
[dash] D: GET /chunk-stream0-00594.m4s
[mp4 @ 0x5adca260f980] Application provided duration: -1 / timestamp: 26813439 is out of range for mov/mp4 format
[dash] I: stats: req=1855 mpd=656 seg=1199 404=0 full=1855 prog=0 hold=0 (0 ms avg) restart=0
[dash] D: GET /chunk-stream0-00595.m4s
[dash] D: GET /chunk-stream0-00596.m4s
[dash] D: GET /chunk-stream0-00597.m4s
[dash] D: GET /chunk-stream0-00598.m4s
[dash] D: GET /chunk-stream0-00599.m4s
[dash] I: stats: req=1860 mpd=656 seg=1204 404=0 full=1860 prog=0 hold=0 (0 ms avg) restart=0
[dash] D: GET /chunk-stream0-00600.m4s
[dash] D: GET /chunk-stream0-00601.m4s
[dash] D: GET /chunk-stream0-00602.m4s
[mp4 @ 0x5adca260f980] Application provided duration: -1 / timestamp: 27209727 is out of range for mov/mp4 format
[dash] D: GET /chunk-stream0-00603.m4s
[mp4 @ 0x5adca260f980] Application provided duration: -1 / timestamp: 27254783 is out of range for mov/mp4 format
[dash] D: GET /live.mpd
[dash] D: GET /chunk-stream1-00604.m4s
[dash] D: GET /chunk-stream1-00605.m4s
[dash] D: GET /chunk-stream1-00606.m4s
[dash] D: GET /chunk-stream1-00607.m4s
[dash] D: GET /chunk-stream1-00608.m4s
[dash] D: GET /chunk-stream1-00609.m4s
[dash] D: GET /chunk-stream1-00610.m4s
[dash] D: GET /chunk-stream1-00611.m4s
[dash] D: GET /chunk-stream1-00612.m4s
[dash] D: GET /chunk-stream1-00613.m4s
[dash] D: GET /chunk-stream1-00614.m4s
[dash] D: GET /chunk-stream1-00615.m4s
[dash] D: GET /chunk-stream1-00616.m4s
[dash] D: GET /chunk-stream0-00604.m4s
[dash] I: stats: req=1879 mpd=657 seg=1222 404=0 full=1879 prog=0 hold=0 (0 ms avg) restart=0
[dash] D: GET /chunk-stream0-00605.m4s
[dash] D: GET /chunk-stream0-00606.m4s
[dash] D: GET /chunk-stream0-00607.m4s
[dash] D: GET /chunk-stream0-00608.m4s
[dash] D: GET /chunk-stream0-00609.m4s
[dash] I: stats: req=1884 mpd=657 seg=1227 404=0 full=1884 prog=0 hold=0 (0 ms avg) restart=0
[dash] D: GET /chunk-stream0-00610.m4s
[dash] D: GET /chunk-stream0-00611.m4s
[mp4 @ 0x5adca260f980] Application provided duration: -1 / timestamp: 27607039 is out of range for mov/mp4 format
[dash] D: GET /chunk-stream0-00612.m4s
[dash] D: GET /chunk-stream0-00613.m4s
[dash] D: GET /chunk-stream0-00614.m4s
[dash] I: stats: req=1889 mpd=657 seg=1232 404=0 full=1889 prog=0 hold=0 (0 ms avg) restart=0
[dash] D: GET /chunk-stream0-00615.m4s
[dash] D: GET /chunk-stream0-00616.m4s
[dash] D: GET /live.mpd
[dash] D: GET /chunk-stream1-00617.m4s
[dash] D: GET /chunk-stream1-00618.m4s
[dash] D: GET /chunk-stream1-00619.m4s
[dash] D: GET /chunk-stream1-00620.m4s
[dash] D: GET /chunk-stream1-00621.m4s
[dash] D: GET /chunk-stream1-00622.m4s
[dash] D: GET /chunk-stream1-00623.m4s
[dash] D: GET /chunk-stream1-00624.m4s
[dash] D: GET /chunk-stream1-00625.m4s
[dash] D: GET /chunk-stream1-00626.m4s
[dash] D: GET /chunk-stream1-00627.m4s
[dash] D: GET /chunk-stream1-00628.m4s
[dash] D: GET /chunk-stream1-00629.m4s
[dash] D: GET /chunk-stream1-00630.m4s
[dash] D: GET /chunk-stream0-00617.m4s
[dash] D: GET /chunk-stream0-00618.m4s
[dash] D: GET /chunk-stream0-00619.m4s
[dash] I: stats: req=1909 mpd=658 seg=1251 404=0 full=1909 prog=0 hold=0 (0 ms avg) restart=0
[dash] D: GET /chunk-stream0-00620.m4s
[dash] D: GET /chunk-stream0-00621.m4s
[mp4 @ 0x5adca260f980] Application provided duration: -1 / timestamp: 28048383 is out of range for mov/mp4 format
[dash] D: GET /chunk-stream0-00622.m4s
[dash] D: GET /chunk-stream0-00623.m4s
[dash] D: GET /chunk-stream0-00624.m4s
[dash] I: stats: req=1914 mpd=658 seg=1256 404=0 full=1914 prog=0 hold=0 (0 ms avg) restart=0
[dash] D: GET /chunk-stream0-00625.m4s
[dash] D: GET /chunk-stream0-00626.m4s
[dash] D: GET /chunk-stream0-00627.m4s
[dash] D: GET /chunk-stream0-00628.m4s
[dash] D: GET /chunk-stream0-00629.m4s
[mp4 @ 0x5adca260f980] Application provided duration: -1 / timestamp: 28400639 is out of range for mov/mp4 format
[dash] I: stats: req=1919 mpd=658 seg=1261 404=0 full=1919 prog=0 hold=0 (0 ms avg) restart=0
[dash] D: GET /chunk-stream0-00630.m4s
[dash] D: GET /live.mpd
[dash] D: GET /chunk-stream1-00631.m4s
[dash] D: GET /chunk-stream1-00632.m4s
[dash] D: GET /chunk-stream1-00633.m4s
[dash] D: GET /chunk-stream1-00634.m4s
[dash] D: GET /chunk-stream1-00635.m4s
[dash] D: GET /chunk-stream1-00636.m4s
[dash] D: GET /chunk-stream1-00637.m4s
[dash] D: GET /chunk-stream1-00638.m4s
[dash] D: GET /chunk-stream1-00639.m4s
[dash] D: GET /chunk-stream1-00640.m4s
[dash] D: GET /chunk-stream1-00641.m4s
[dash] D: GET /chunk-stream1-00642.m4s
[dash] D: GET /chunk-stream1-00643.m4s
[dash] D: GET /chunk-stream1-00644.m4s
[dash] D: GET /chunk-stream0-00631.m4s
[dash] D: GET /chunk-stream0-00632.m4s
[dash] D: GET /chunk-stream0-00633.m4s
[dash] D: GET /chunk-stream0-00634.m4s
[dash] I: stats: req=1939 mpd=659 seg=1280 404=0 full=1939 prog=0 hold=0 (0 ms avg) restart=0
[dash] D: GET /chunk-stream0-00635.m4s
[dash] D: GET /chunk-stream0-00636.m4s
[dash] D: GET /chunk-stream0-00637.m4s
[dash] D: GET /chunk-stream0-00638.m4s
[mp4 @ 0x5adca260f980] Application provided duration: -1 / timestamp: 28841983 is out of range for mov/mp4 format
[dash] D: GET /chunk-stream0-00639.m4s
[dash] I: stats: req=1944 mpd=659 seg=1285 404=0 full=1944 prog=0 hold=0 (0 ms avg) restart=0
[dash] D: GET /chunk-stream0-00640.m4s
[dash] D: GET /chunk-stream0-00641.m4s
[dash] D: GET /chunk-stream0-00642.m4s
[dash] D: GET /chunk-stream0-00643.m4s
[dash] D: GET /chunk-stream0-00644.m4s
[dash] I: stats: req=1949 mpd=659 seg=1290 404=0 full=1949 prog=0 hold=0 (0 ms avg) restart=0
[dash] D: GET /live.mpd
[dash] D: GET /chunk-stream1-00645.m4s
[dash] D: GET /chunk-stream1-00646.m4s
[dash] D: GET /chunk-stream1-00647.m4s
[dash] D: GET /chunk-stream1-00648.m4s
[dash] D: GET /chunk-stream1-00649.m4s
[dash] D: GET /chunk-stream1-00650.m4s
[dash] D: GET /chunk-stream1-00651.m4s
[dash] D: GET /chunk-stream1-00652.m4s
[dash] D: GET /chunk-stream1-00653.m4s
[dash] D: GET /chunk-stream1-00654.m4s
[dash] D: GET /chunk-stream1-00655.m4s
[dash] D: GET /chunk-stream1-00656.m4s
[dash] D: GET /chunk-stream1-00657.m4s
[dash] D: GET /chunk-stream1-00658.m4s
[dash] D: GET /chunk-stream1-00659.m4s
[dash] D: GET /chunk-stream0-00645.m4s
[dash] D: GET /chunk-stream0-00646.m4s
[mp4 @ 0x5adca260f980] Application provided duration: -1 / timestamp: 29194239 is out of range for mov/mp4 format
[dash] D: GET /chunk-stream0-00647.m4s
[mp4 @ 0x5adca260f980] Application provided duration: -1 / timestamp: 29239295 is out of range for mov/mp4 format
[dash] D: GET /chunk-stream0-00648.m4s
[dash] D: GET /chunk-stream0-00649.m4s
[dash] I: stats: req=1970 mpd=660 seg=1310 404=0 full=1970 prog=0 hold=0 (0 ms avg) restart=0
[dash] D: GET /chunk-stream0-00650.m4s
[dash] D: GET /chunk-stream0-00651.m4s
[dash] D: GET /chunk-stream0-00652.m4s
[dash] D: GET /chunk-stream0-00653.m4s
[dash] D: GET /chunk-stream0-00654.m4s
[dash] I: stats: req=1975 mpd=660 seg=1315 404=0 full=1975 prog=0 hold=0 (0 ms avg) restart=0
[dash] D: GET /chunk-stream0-00655.m4s
[dash] D: GET /chunk-stream0-00656.m4s
[mp4 @ 0x5adca260f980] Application provided duration: -1 / timestamp: 29635583 is out of range for mov/mp4 format
[dash] D: GET /chunk-stream0-00657.m4s
[dash] D: GET /chunk-stream0-00658.m4s
[dash] D: GET /chunk-stream0-00659.m4s
[dash] I: stats: req=1980 mpd=660 seg=1320 404=0 full=1980 prog=0 hold=0 (0 ms avg) restart=0
[dash] D: GET /live.mpd
[dash] D: GET /chunk-stream1-00660.m4s
[dash] D: GET /chunk-stream1-00661.m4s
[dash] D: GET /chunk-stream1-00662.m4s
[dash] D: GET /chunk-stream1-00663.m4s
[dash] D: GET /chunk-stream1-00664.m4s
[dash] D: GET /chunk-stream1-00665.m4s
[dash] D: GET /chunk-stream1-00666.m4s
[dash] D: GET /chunk-stream1-00667.m4s
[dash] D: GET /chunk-stream1-00668.m4s
[dash] D: GET /chunk-stream1-00669.m4s
[dash] D: GET /chunk-stream1-00670.m4s
[dash] D: GET /chunk-stream1-00671.m4s
[dash] D: GET /chunk-stream1-00672.m4s
[dash] D: GET /chunk-stream1-00673.m4s
[dash] D: GET /chunk-stream1-00674.m4s
[dash] D: GET /chunk-stream0-00660.m4s
[dash] D: GET /chunk-stream0-00661.m4s
[dash] D: GET /chunk-stream0-00662.m4s
[dash] D: GET /chunk-stream0-00663.m4s
[dash] D: GET /chunk-stream0-00664.m4s
[mp4 @ 0x5adca260f980] Application provided duration: -1 / timestamp: 30032895 is out of range for mov/mp4 format
[dash] I: stats: req=2001 mpd=661 seg=1340 404=0 full=2001 prog=0 hold=0 (0 ms avg) restart=0
[dash] D: GET /chunk-stream0-00665.m4s
[dash] D: GET /chunk-stream0-00666.m4s
[dash] D: GET /chunk-stream0-00667.m4s
[dash] D: GET /chunk-stream0-00668.m4s
[dash] D: GET /chunk-stream0-00669.m4s
[dash] I: stats: req=2006 mpd=661 seg=1345 404=0 full=2006 prog=0 hold=0 (0 ms avg) restart=0
[dash] D: GET /chunk-stream0-00670.m4s
[dash] D: GET /chunk-stream0-00671.m4s
[dash] D: GET /chunk-stream0-00672.m4s
[dash] D: GET /chunk-stream0-00673.m4s
[mp4 @ 0x5adca260f980] Application provided duration: -1 / timestamp: 30429183 is out of range for mov/mp4 format
[dash] D: GET /chunk-stream0-00674.m4s
[dash] I: stats: req=2011 mpd=661 seg=1350 404=0 full=2011 prog=0 hold=0 (0 ms avg) restart=0
[dash] D: GET /live.mpd
[dash] D: GET /chunk-stream1-00675.m4s
[dash] D: GET /chunk-stream1-00676.m4s
[dash] D: GET /chunk-stream1-00677.m4s
[dash] D: GET /chunk-stream1-00678.m4s
[dash] D: GET /chunk-stream1-00679.m4s
[dash] D: GET /chunk-stream1-00680.m4s
[dash] D: GET /chunk-stream1-00681.m4s
[dash] D: GET /chunk-stream1-00682.m4s
[dash] D: GET /chunk-stream1-00683.m4s
[dash] D: GET /chunk-stream1-00684.m4s
[dash] D: GET /chunk-stream1-00685.m4s
[dash] D: GET /chunk-stream1-00686.m4s
[dash] D: GET /chunk-stream1-00687.m4s
[dash] D: GET /chunk-stream1-00688.m4s
[dash] D: GET /chunk-stream1-00689.m4s
[dash] D: GET /chunk-stream1-00690.m4s
[dash] D: GET /chunk-stream0-00675.m4s
[dash] D: GET /chunk-stream0-00676.m4s
[dash] D: GET /chunk-stream0-00677.m4s
[dash] D: GET /chunk-stream0-00678.m4s
[dash] D: GET /chunk-stream0-00679.m4s
[dash] I: stats: req=2033 mpd=662 seg=1371 404=0 full=2033 prog=0 hold=0 (0 ms avg) restart=0
[dash] D: GET /chunk-stream0-00680.m4s
[dash] D: GET /chunk-stream0-00681.m4s
[dash] D: GET /chunk-stream0-00682.m4s
[mp4 @ 0x5adca260f980] Application provided duration: -1 / timestamp: 30826495 is out of range for mov/mp4 format
[dash] D: GET /chunk-stream0-00683.m4s
[dash] D: GET /chunk-stream0-00684.m4s
[dash] I: stats: req=2038 mpd=662 seg=1376 404=0 full=2038 prog=0 hold=0 (0 ms avg) restart=0
[dash] D: GET /chunk-stream0-00685.m4s
[dash] D: GET /chunk-stream0-00686.m4s
[dash] D: GET /chunk-stream0-00687.m4s
[dash] D: GET /chunk-stream0-00688.m4s
[dash] D: GET /chunk-stream0-00689.m4s
[dash] I: stats: req=2043 mpd=662 seg=1381 404=0 full=2043 prog=0 hold=0 (0 ms avg) restart=0
[dash] D: GET /chunk-stream0-00690.m4s
[dash] D: GET /live.mpd
[dash] D: GET /chunk-stream1-00691.m4s
[dash] D: GET /chunk-stream1-00692.m4s
[dash] D: GET /chunk-stream1-00693.m4s
[dash] D: GET /chunk-stream1-00694.m4s
[dash] D: GET /chunk-stream1-00695.m4s
[dash] D: GET /chunk-stream1-00696.m4s
[dash] D: GET /chunk-stream1-00697.m4s
[dash] D: GET /chunk-stream1-00698.m4s
[dash] D: GET /chunk-stream1-00699.m4s
[dash] D: GET /chunk-stream1-00700.m4s
[dash] D: GET /chunk-stream1-00701.m4s
[dash] D: GET /chunk-stream1-00702.m4s
[dash] D: GET /chunk-stream1-00703.m4s
[dash] D: GET /chunk-stream1-00704.m4s
[dash] D: GET /chunk-stream1-00705.m4s
[dash] D: GET /chunk-stream1-00706.m4s
[dash] D: GET /chunk-stream0-00691.m4s
[dash] D: GET /chunk-stream0-00692.m4s
[mp4 @ 0x5adca260f980] Application provided duration: -1 / timestamp: 31267839 is out of range for mov/mp4 format
[dash] D: GET /chunk-stream0-00693.m4s
[dash] D: GET /chunk-stream0-00694.m4s
[dash] I: stats: req=2065 mpd=663 seg=1402 404=0 full=2065 prog=0 hold=0 (0 ms avg) restart=0
[dash] D: GET /chunk-stream0-00695.m4s
[dash] D: GET /chunk-stream0-00696.m4s
[dash] D: GET /chunk-stream0-00697.m4s
[dash] D: GET /chunk-stream0-00698.m4s
[dash] D: GET /chunk-stream0-00699.m4s
[dash] I: stats: req=2070 mpd=663 seg=1407 404=0 full=2070 prog=0 hold=0 (0 ms avg) restart=0
[dash] D: GET /chunk-stream0-00700.m4s
[mp4 @ 0x5adca260f980] Application provided duration: -1 / timestamp: 31664127 is out of range for mov/mp4 format
[dash] D: GET /chunk-stream0-00701.m4s
[dash] D: GET /chunk-stream0-00702.m4s
[dash] D: GET /chunk-stream0-00703.m4s
[dash] D: GET /chunk-stream0-00704.m4s
[dash] I: stats: req=2075 mpd=663 seg=1412 404=0 full=2075 prog=0 hold=0 (0 ms avg) restart=0
[dash] D: GET /chunk-stream0-00705.m4s
[dash] D: GET /chunk-stream0-00706.m4s
[dash] D: GET /live.mpd
[dash] D: GET /chunk-stream1-00707.m4s
[dash] D: GET /chunk-stream1-00708.m4s
[dash] D: GET /chunk-stream1-00709.m4s
[dash] D: GET /chunk-stream1-00710.m4s
[dash] D: GET /chunk-stream1-00711.m4s
[dash] D: GET /chunk-stream1-00712.m4s
[dash] D: GET /chunk-stream1-00713.m4s
[dash] D: GET /chunk-stream1-00714.m4s
[dash] D: GET /chunk-stream1-00715.m4s
[dash] D: GET /chunk-stream1-00716.m4s
[dash] D: GET /chunk-stream1-00717.m4s
[dash] D: GET /chunk-stream1-00718.m4s
[dash] D: GET /chunk-stream1-00719.m4s
[dash] D: GET /chunk-stream1-00720.m4s
[dash] D: GET /chunk-stream1-00721.m4s
[dash] D: GET /chunk-stream1-00722.m4s
[dash] D: GET /chunk-stream1-00723.m4s
[dash] D: GET /chunk-stream0-00707.m4s
[dash] D: GET /chunk-stream0-00708.m4s
[dash] D: GET /chunk-stream0-00709.m4s
[mp4 @ 0x5adca260f980] Application provided duration: -1 / timestamp: 32061439 is out of range for mov/mp4 format
[dash] I: stats: req=2098 mpd=664 seg=1434 404=0 full=2098 prog=0 hold=0 (0 ms avg) restart=0
[dash] D: GET /chunk-stream0-00710.m4s
[dash] D: GET /chunk-stream0-00711.m4s
[dash] D: GET /chunk-stream0-00712.m4s
[dash] D: GET /chunk-stream0-00713.m4s
[dash] D: GET /chunk-stream0-00714.m4s
[dash] I: stats: req=2103 mpd=664 seg=1439 404=0 full=2103 prog=0 hold=0 (0 ms avg) restart=0
[dash] D: GET /chunk-stream0-00715.m4s
[dash] D: GET /chunk-stream0-00716.m4s
[dash] D: GET /chunk-stream0-00717.m4s
[dash] D: GET /chunk-stream0-00718.m4s
[mp4 @ 0x5adca260f980] Application provided duration: -1 / timestamp: 32457727 is out of range for mov/mp4 format
[dash] D: GET /chunk-stream0-00719.m4s
[dash] I: stats: req=2108 mpd=664 seg=1444 404=0 full=2108 prog=0 hold=0 (0 ms avg) restart=0
[dash] D: GET /chunk-stream0-00720.m4s
[dash] D: GET /chunk-stream0-00721.m4s
[dash] D: GET /chunk-stream0-00722.m4s
[dash] D: GET /chunk-stream0-00723.m4s
[dash] D: GET /live.mpd
[dash] D: GET /chunk-stream1-00724.m4s
[dash] D: GET /chunk-stream1-00725.m4s
[dash] D: GET /chunk-stream1-00726.m4s
[dash] D: GET /chunk-stream1-00727.m4s
[dash] D: GET /chunk-stream1-00728.m4s
[dash] D: GET /chunk-stream1-00729.m4s
[dash] D: GET /chunk-stream1-00730.m4s
[dash] D: GET /chunk-stream1-00731.m4s
[dash] D: GET /chunk-stream1-00732.m4s
[dash] D: GET /chunk-stream1-00733.m4s
[dash] D: GET /chunk-stream1-00734.m4s
[dash] D: GET /chunk-stream1-00735.m4s
[dash] D: GET /chunk-stream1-00736.m4s
[dash] D: GET /chunk-stream1-00737.m4s
[dash] D: GET /chunk-stream1-00738.m4s
[dash] D: GET /chunk-stream1-00739.m4s
[dash] D: GET /chunk-stream1-00740.m4s
[dash] D: GET /chunk-stream0-00724.m4s
[dash] D: GET /chunk-stream0-00725.m4s
[dash] I: stats: req=2132 mpd=665 seg=1467 404=0 full=2132 prog=0 hold=0 (0 ms avg) restart=0
[dash] D: GET /chunk-stream0-00726.m4s
[mp4 @ 0x5adca260f980] Application provided duration: -1 / timestamp: 32855039 is out of range for mov/mp4 format
[dash] D: GET /chunk-stream0-00727.m4s
[dash] D: GET /chunk-stream0-00728.m4s
[dash] D: GET /chunk-stream0-00729.m4s
[dash] I: stats: req=2136 mpd=665 seg=1471 404=0 full=2136 prog=0 hold=0 (0 ms avg) restart=0
[dash] D: GET /chunk-stream0-00730.m4s
[dash] D: GET /chunk-stream0-00731.m4s
[dash] D: GET /chunk-stream0-00732.m4s
[dash] D: GET /chunk-stream0-00733.m4s
[dash] D: GET /chunk-stream0-00734.m4s
[dash] I: stats: req=2141 mpd=665 seg=1476 404=0 full=2141 prog=0 hold=0 (0 ms avg) restart=0
[dash] D: GET /chunk-stream0-00735.m4s
[dash] D: GET /chunk-stream0-00736.m4s
[mp4 @ 0x5adca260f980] Application provided duration: -1 / timestamp: 33296383 is out of range for mov/mp4 format
[dash] D: GET /chunk-stream0-00737.m4s
[dash] D: GET /chunk-stream0-00738.m4s
[dash] D: GET /chunk-stream0-00739.m4s
[dash] I: stats: req=2146 mpd=665 seg=1481 404=0 full=2146 prog=0 hold=0 (0 ms avg) restart=0
[dash] D: GET /chunk-stream0-00740.m4s
[dash] D: GET /live.mpd
[dash] D: GET /chunk-stream1-00741.m4s
[dash] D: GET /chunk-stream1-00742.m4s
[dash] D: GET /chunk-stream1-00743.m4s
[dash] D: GET /chunk-stream1-00744.m4s
[dash] D: GET /chunk-stream1-00745.m4s
[dash] D: GET /chunk-stream1-00746.m4s
[dash] D: GET /chunk-stream1-00747.m4s
[dash] D: GET /chunk-stream1-00748.m4s
[dash] D: GET /chunk-stream1-00749.m4s
[dash] D: GET /chunk-stream1-00750.m4s
[dash] D: GET /chunk-stream1-00751.m4s
[dash] D: GET /chunk-stream1-00752.m4s
[dash] D: GET /chunk-stream1-00753.m4s
[dash] D: GET /chunk-stream1-00754.m4s
[dash] D: GET /chunk-stream1-00755.m4s
[dash] D: GET /chunk-stream1-00756.m4s
[dash] D: GET /chunk-stream1-00757.m4s
[dash] D: GET /chunk-stream1-00758.m4s
[dash] D: GET /chunk-stream0-00741.m4s
[dash] D: GET /chunk-stream0-00742.m4s
[dash] D: GET /chunk-stream0-00743.m4s
[dash] D: GET /chunk-stream0-00744.m4s
[dash] I: stats: req=2170 mpd=666 seg=1504 404=0 full=2170 prog=0 hold=0 (0 ms avg) restart=0
[dash] D: GET /chunk-stream0-00745.m4s
[dash] D: GET /chunk-stream0-00746.m4s
[dash] D: GET /chunk-stream0-00747.m4s
[dash] D: GET /chunk-stream0-00748.m4s
[dash] D: GET /chunk-stream0-00749.m4s
[dash] I: stats: req=2175 mpd=666 seg=1509 404=0 full=2175 prog=0 hold=0 (0 ms avg) restart=0
[dash] D: GET /chunk-stream0-00750.m4s
[dash] D: GET /chunk-stream0-00751.m4s
[dash] D: GET /chunk-stream0-00752.m4s
[dash] D: GET /chunk-stream0-00753.m4s
[dash] D: GET /chunk-stream0-00754.m4s
[dash] I: stats: req=2180 mpd=666 seg=1514 404=0 full=2180 prog=0 hold=0 (0 ms avg) restart=0
[dash] D: GET /chunk-stream0-00755.m4s
[dash] D: GET /chunk-stream0-00756.m4s
[dash] D: GET /chunk-stream0-00757.m4s
[dash] D: GET /chunk-stream0-00758.m4s
[dash] D: GET /live.mpd
[dash] D: GET /chunk-stream1-00759.m4s
[dash] D: GET /chunk-stream1-00760.m4s
[dash] D: GET /chunk-stream1-00761.m4s
[dash] D: GET /chunk-stream1-00762.m4s
[dash] D: GET /chunk-stream1-00763.m4s
[dash] D: GET /chunk-stream1-00764.m4s
[dash] D: GET /chunk-stream1-00765.m4s
[dash] D: GET /chunk-stream1-00766.m4s
[dash] D: GET /chunk-stream1-00767.m4s
[dash] D: GET /chunk-stream1-00768.m4s
[dash] D: GET /chunk-stream1-00769.m4s
[dash] D: GET /chunk-stream1-00770.m4s
[dash] D: GET /chunk-stream1-00771.m4s
[dash] D: GET /chunk-stream1-00772.m4s
[dash] D: GET /chunk-stream1-00773.m4s
[dash] D: GET /chunk-stream1-00774.m4s
[dash] D: GET /chunk-stream1-00775.m4s
[dash] D: GET /chunk-stream1-00776.m4s
[dash] D: GET /chunk-stream0-00759.m4s
[dash] I: stats: req=2204 mpd=667 seg=1537 404=0 full=2204 prog=0 hold=0 (0 ms avg) restart=0
[dash] D: GET /chunk-stream0-00760.m4s
[dash] D: GET /chunk-stream0-00761.m4s
[dash] D: GET /chunk-stream0-00762.m4s
[dash] D: GET /chunk-stream0-00763.m4s
[dash] D: GET /chunk-stream0-00764.m4s
[dash] I: stats: req=2209 mpd=667 seg=1542 404=0 full=2209 prog=0 hold=0 (0 ms avg) restart=0
[dash] D: GET /chunk-stream0-00765.m4s
[dash] D: GET /chunk-stream0-00766.m4s
[dash] D: GET /chunk-stream0-00767.m4s
[dash] D: GET /chunk-stream0-00768.m4s
[dash] D: GET /chunk-stream0-00769.m4s
[dash] I: stats: req=2214 mpd=667 seg=1547 404=0 full=2214 prog=0 hold=0 (0 ms avg) restart=0
[dash] D: GET /chunk-stream0-00770.m4s
[dash] D: GET /chunk-stream0-00771.m4s
[dash] D: GET /chunk-stream0-00772.m4s
[dash] D: GET /chunk-stream0-00773.m4s
[dash] D: GET /chunk-stream0-00774.m4s
[dash] I: stats: req=2219 mpd=667 seg=1552 404=0 full=2219 prog=0 hold=0 (0 ms avg) restart=0
[dash] D: GET /chunk-stream0-00775.m4s
[dash] D: GET /chunk-stream0-00776.m4s
[dash] D: GET /live.mpd
[dash] D: GET /chunk-stream1-00777.m4s
[dash] D: GET /chunk-stream1-00778.m4s
[dash] D: GET /chunk-stream1-00779.m4s
[dash] D: GET /chunk-stream1-00780.m4s
[dash] D: GET /chunk-stream1-00781.m4s
[dash] D: GET /chunk-stream1-00782.m4s
[dash] D: GET /chunk-stream1-00783.m4s
[dash] D: GET /chunk-stream1-00784.m4s
[dash] D: GET /chunk-stream1-00785.m4s
[dash] D: GET /chunk-stream1-00786.m4s
[dash] D: GET /chunk-stream1-00787.m4s
[dash] D: GET /chunk-stream1-00788.m4s
[dash] D: GET /chunk-stream1-00789.m4s
[dash] D: GET /chunk-stream1-00790.m4s
[dash] D: GET /chunk-stream1-00791.m4s
[dash] D: GET /chunk-stream1-00792.m4s
[dash] D: GET /chunk-stream1-00793.m4s
[dash] D: GET /chunk-stream1-00794.m4s
[dash] D: GET /chunk-stream1-00795.m4s
[dash] D: GET /chunk-stream0-00777.m4s
[dash] D: GET /chunk-stream0-00778.m4s
[dash] D: GET /chunk-stream0-00779.m4s
[dash] I: stats: req=2244 mpd=668 seg=1576 404=0 full=2244 prog=0 hold=0 (0 ms avg) restart=0
[dash] D: GET /chunk-stream0-00780.m4s
[dash] D: GET /chunk-stream0-00781.m4s
[dash] D: GET /chunk-stream0-00782.m4s
[dash] D: GET /chunk-stream0-00783.m4s
[dash] D: GET /chunk-stream0-00784.m4s
[dash] I: stats: req=2249 mpd=668 seg=1581 404=0 full=2249 prog=0 hold=0 (0 ms avg) restart=0
[dash] D: GET /chunk-stream0-00785.m4s
[dash] D: GET /chunk-stream0-00786.m4s
[dash] D: GET /chunk-stream0-00787.m4s
[dash] D: GET /chunk-stream0-00788.m4s
[dash] D: GET /chunk-stream0-00789.m4s
[dash] I: stats: req=2254 mpd=668 seg=1586 404=0 full=2254 prog=0 hold=0 (0 ms avg) restart=0
[dash] D: GET /chunk-stream0-00790.m4s
[dash] D: GET /chunk-stream0-00791.m4s
[dash] D: GET /chunk-stream0-00792.m4s
[dash] D: GET /chunk-stream0-00793.m4s
[dash] D: GET /chunk-stream0-00794.m4s
[dash] I: stats: req=2259 mpd=668 seg=1591 404=0 full=2259 prog=0 hold=0 (0 ms avg) restart=0
[dash] D: GET /chunk-stream0-00795.m4s
[dash] D: GET /live.mpd
[dash] D: GET /chunk-stream1-00796.m4s
[dash] D: GET /chunk-stream1-00797.m4s
[dash] D: GET /chunk-stream1-00798.m4s
[dash] D: GET /chunk-stream1-00799.m4s
[dash] D: GET /chunk-stream1-00800.m4s
[dash] D: GET /chunk-stream1-00801.m4s
[dash] D: GET /chunk-stream1-00802.m4s
[dash] D: GET /chunk-stream1-00803.m4s
[dash] D: GET /chunk-stream1-00804.m4s
[dash] D: GET /chunk-stream1-00805.m4s
[dash] D: GET /chunk-stream1-00806.m4s
[dash] D: GET /chunk-stream1-00807.m4s
[dash] D: GET /chunk-stream1-00808.m4s
[dash] D: GET /chunk-stream1-00809.m4s
[dash] D: GET /chunk-stream1-00810.m4s
[dash] D: GET /chunk-stream1-00811.m4s
[dash] D: GET /chunk-stream1-00812.m4s
[dash] D: GET /chunk-stream1-00813.m4s
[dash] D: GET /chunk-stream1-00814.m4s
[dash] D: GET /chunk-stream0-00796.m4s
[dash] D: GET /chunk-stream0-00797.m4s
[dash] D: GET /chunk-stream0-00798.m4s
[dash] D: GET /chunk-stream0-00799.m4s
[dash] I: stats: req=2284 mpd=669 seg=1615 404=0 full=2284 prog=0 hold=0 (0 ms avg) restart=0
[dash] D: GET /chunk-stream0-00800.m4s
[dash] D: GET /chunk-stream0-00801.m4s
[dash] D: GET /chunk-stream0-00802.m4s
[dash] D: GET /chunk-stream0-00803.m4s
[dash] D: GET /chunk-stream0-00804.m4s
[dash] I: stats: req=2289 mpd=669 seg=1620 404=0 full=2289 prog=0 hold=0 (0 ms avg) restart=0
[dash] D: GET /chunk-stream0-00805.m4s
[dash] D: GET /chunk-stream0-00806.m4s
[dash] D: GET /chunk-stream0-00807.m4s
[dash] D: GET /chunk-stream0-00808.m4s
[dash] D: GET /chunk-stream0-00809.m4s
[dash] I: stats: req=2294 mpd=669 seg=1625 404=0 full=2294 prog=0 hold=0 (0 ms avg) restart=0
[dash] D: GET /chunk-stream0-00810.m4s
[dash] D: GET /chunk-stream0-00811.m4s
[dash] D: GET /chunk-stream0-00812.m4s
[dash] D: GET /chunk-stream0-00813.m4s
[dash] D: GET /chunk-stream0-00814.m4s
[dash] I: stats: req=2299 mpd=669 seg=1630 404=0 full=2299 prog=0 hold=0 (0 ms avg) restart=0
[dash] D: GET /live.mpd
[dash] D: GET /chunk-stream1-00815.m4s
[dash] D: GET /chunk-stream1-00816.m4s
[dash] D: GET /chunk-stream1-00817.m4s
[dash] D: GET /chunk-stream1-00818.m4s
[dash] D: GET /chunk-stream1-00819.m4s
[dash] D: GET /chunk-stream1-00820.m4s
[dash] D: GET /chunk-stream1-00821.m4s
[dash] D: GET /chunk-stream1-00822.m4s
[dash] D: GET /chunk-stream1-00823.m4s
[dash] D: GET /chunk-stream1-00824.m4s
[dash] D: GET /chunk-stream1-00825.m4s
[dash] D: GET /chunk-stream1-00826.m4s
[dash] D: GET /chunk-stream1-00827.m4s
[dash] D: GET /chunk-stream1-00828.m4s
[dash] D: GET /chunk-stream1-00829.m4s
[dash] D: GET /chunk-stream1-00830.m4s
[dash] D: GET /chunk-stream1-00831.m4s
[dash] D: GET /chunk-stream1-00832.m4s
[dash] D: GET /chunk-stream1-00833.m4s
[dash] D: GET /chunk-stream1-00834.m4s
[dash] D: GET /chunk-stream0-00815.m4s
[dash] D: GET /chunk-stream0-00816.m4s
[dash] D: GET /chunk-stream0-00817.m4s
[dash] D: GET /chunk-stream0-00818.m4s
[dash] D: GET /chunk-stream0-00819.m4s
[dash] I: stats: req=2325 mpd=670 seg=1655 404=0 full=2325 prog=0 hold=0 (0 ms avg) restart=0
[dash] D: GET /chunk-stream0-00820.m4s
[dash] D: GET /chunk-stream0-00821.m4s
[dash] D: GET /chunk-stream0-00822.m4s
[dash] D: GET /chunk-stream0-00823.m4s
[dash] D: GET /chunk-stream0-00824.m4s
[dash] I: stats: req=2330 mpd=670 seg=1660 404=0 full=2330 prog=0 hold=0 (0 ms avg) restart=0
[dash] D: GET /chunk-stream0-00825.m4s
[dash] D: GET /chunk-stream0-00826.m4s
[dash] D: GET /chunk-stream0-00827.m4s
[dash] D: GET /chunk-stream0-00828.m4s
[dash] D: GET /chunk-stream0-00829.m4s
[dash] I: stats: req=2335 mpd=670 seg=1665 404=0 full=2335 prog=0 hold=0 (0 ms avg) restart=0
[dash] D: GET /chunk-stream0-00830.m4s
[dash] D: GET /chunk-stream0-00831.m4s
[dash] D: GET /chunk-stream0-00832.m4s
[dash] D: GET /chunk-stream0-00833.m4s
[dash] D: GET /chunk-stream0-00834.m4s
[dash] I: stats: req=2340 mpd=670 seg=1670 404=0 full=2340 prog=0 hold=0 (0 ms avg) restart=0
[dash] D: GET /live.mpd
[dash] D: GET /chunk-stream1-00835.m4s
[dash] D: GET /chunk-stream1-00836.m4s
[dash] D: GET /chunk-stream1-00837.m4s
[dash] D: GET /chunk-stream1-00838.m4s
[dash] D: GET /chunk-stream1-00839.m4s
[dash] D: GET /chunk-stream1-00840.m4s
[dash] D: GET /chunk-stream1-00841.m4s
[dash] D: GET /chunk-stream1-00842.m4s
[dash] D: GET /chunk-stream1-00843.m4s
[dash] D: GET /chunk-stream1-00844.m4s
[dash] D: GET /chunk-stream1-00845.m4s
[dash] D: GET /chunk-stream1-00846.m4s
[dash] D: GET /chunk-stream1-00847.m4s
[dash] D: GET /chunk-stream1-00848.m4s
[dash] D: GET /chunk-stream1-00849.m4s
[dash] D: GET /chunk-stream1-00850.m4s
[dash] D: GET /chunk-stream1-00851.m4s
[dash] D: GET /chunk-stream1-00852.m4s
[dash] D: GET /chunk-stream1-00853.m4s
[dash] D: GET /chunk-stream1-00854.m4s
[dash] D: GET /chunk-stream1-00855.m4s
[dash] D: GET /chunk-stream0-00835.m4s
[dash] D: GET /chunk-stream0-00836.m4s
[dash] D: GET /chunk-stream0-00837.m4s
[dash] D: GET /chunk-stream0-00838.m4s
[dash] D: GET /chunk-stream0-00839.m4s
[dash] I: stats: req=2367 mpd=671 seg=1696 404=0 full=2367 prog=0 hold=0 (0 ms avg) restart=0
[dash] D: GET /chunk-stream0-00840.m4s
[dash] D: GET /chunk-stream0-00841.m4s
[dash] D: GET /chunk-stream0-00842.m4s
[dash] D: GET /chunk-stream0-00843.m4s
[dash] D: GET /chunk-stream0-00844.m4s
[dash] I: stats: req=2372 mpd=671 seg=1701 404=0 full=2372 prog=0 hold=0 (0 ms avg) restart=0
[dash] D: GET /chunk-stream0-00845.m4s
[dash] D: GET /chunk-stream0-00846.m4s
[dash] D: GET /chunk-stream0-00847.m4s
[dash] D: GET /chunk-stream0-00848.m4s
[dash] D: GET /chunk-stream0-00849.m4s
[dash] I: stats: req=2377 mpd=671 seg=1706 404=0 full=2377 prog=0 hold=0 (0 ms avg) restart=0
[dash] D: GET /chunk-stream0-00850.m4s
[dash] D: GET /chunk-stream0-00851.m4s
[dash] D: GET /chunk-stream0-00852.m4s
[dash] D: GET /chunk-stream0-00853.m4s
[dash] D: GET /chunk-stream0-00854.m4s
[dash] I: stats: req=2382 mpd=671 seg=1711 404=0 full=2382 prog=0 hold=0 (0 ms avg) restart=0
[dash] D: GET /chunk-stream0-00855.m4s
[dash] D: GET /live.mpd
[dash] D: GET /chunk-stream1-00856.m4s
[dash] D: GET /chunk-stream1-00857.m4s
[dash] D: GET /chunk-stream1-00858.m4s
[dash] D: GET /chunk-stream1-00859.m4s
[dash] D: GET /chunk-stream1-00860.m4s
[dash] D: GET /chunk-stream1-00861.m4s
[dash] D: GET /chunk-stream1-00862.m4s
[dash] D: GET /chunk-stream1-00863.m4s
[dash] D: GET /chunk-stream1-00864.m4s
[dash] D: GET /chunk-stream1-00865.m4s
[dash] D: GET /chunk-stream1-00866.m4s
[dash] D: GET /chunk-stream1-00867.m4s
[dash] D: GET /chunk-stream1-00868.m4s
[dash] D: GET /chunk-stream1-00869.m4s
[dash] D: GET /chunk-stream1-00870.m4s
[dash] D: GET /chunk-stream1-00871.m4s
[dash] D: GET /chunk-stream1-00872.m4s
[dash] D: GET /chunk-stream1-00873.m4s
[dash] D: GET /chunk-stream1-00874.m4s
[dash] D: GET /chunk-stream1-00875.m4s
[dash] D: GET /chunk-stream1-00876.m4s
[dash] D: GET /chunk-stream0-00856.m4s
[dash] D: GET /chunk-stream0-00857.m4s
[dash] D: GET /chunk-stream0-00858.m4s
[dash] D: GET /chunk-stream0-00859.m4s
[dash] I: stats: req=2409 mpd=672 seg=1737 404=0 full=2409 prog=0 hold=0 (0 ms avg) restart=0
[dash] D: GET /chunk-stream0-00860.m4s
[dash] D: GET /chunk-stream0-00861.m4s
[dash] D: GET /chunk-stream0-00862.m4s
[dash] D: GET /chunk-stream0-00863.m4s
[dash] D: GET /chunk-stream0-00864.m4s
[dash] I: stats: req=2414 mpd=672 seg=1742 404=0 full=2414 prog=0 hold=0 (0 ms avg) restart=0
[dash] D: GET /chunk-stream0-00865.m4s
[dash] D: GET /chunk-stream0-00866.m4s
[dash] D: GET /chunk-stream0-00867.m4s
[dash] D: GET /chunk-stream0-00868.m4s
[dash] D: GET /chunk-stream0-00869.m4s
[dash] I: stats: req=2419 mpd=672 seg=1747 404=0 full=2419 prog=0 hold=0 (0 ms avg) restart=0
[dash] D: GET /chunk-stream0-00870.m4s
[dash] D: GET /chunk-stream0-00871.m4s
[dash] D: GET /chunk-stream0-00872.m4s
[dash] D: GET /chunk-stream0-00873.m4s
[dash] D: GET /chunk-stream0-00874.m4s
[dash] I: stats: req=2424 mpd=672 seg=1752 404=0 full=2424 prog=0 hold=0 (0 ms avg) restart=0
[dash] D: GET /chunk-stream0-00875.m4s
[dash] D: GET /chunk-stream0-00876.m4s
[dash] D: GET /live.mpd
[dash] D: GET /chunk-stream1-00877.m4s
[dash] D: GET /chunk-stream1-00878.m4s
[dash] D: GET /chunk-stream1-00879.m4s
[dash] D: GET /chunk-stream1-00880.m4s
[dash] D: GET /chunk-stream1-00881.m4s
[dash] D: GET /chunk-stream1-00882.m4s
[dash] D: GET /chunk-stream1-00883.m4s
[dash] D: GET /chunk-stream1-00884.m4s
[dash] D: GET /chunk-stream1-00885.m4s
[dash] D: GET /chunk-stream1-00886.m4s
[dash] D: GET /chunk-stream1-00887.m4s
[dash] D: GET /chunk-stream1-00888.m4s
[dash] D: GET /chunk-stream1-00889.m4s
[dash] D: GET /chunk-stream1-00890.m4s
[dash] D: GET /chunk-stream1-00891.m4s
[dash] D: GET /chunk-stream1-00892.m4s
[dash] D: GET /chunk-stream1-00893.m4s
[dash] D: GET /chunk-stream1-00894.m4s
[dash] D: GET /chunk-stream1-00895.m4s
[dash] D: GET /chunk-stream1-00896.m4s
[dash] D: GET /chunk-stream1-00897.m4s
[dash] D: GET /chunk-stream1-00898.m4s
[dash] D: GET /chunk-stream0-00877.m4s
[dash] D: GET /chunk-stream0-00878.m4s
[dash] D: GET /chunk-stream0-00879.m4s
[dash] I: stats: req=2452 mpd=673 seg=1779 404=0 full=2452 prog=0 hold=0 (0 ms avg) restart=0
[dash] D: GET /chunk-stream0-00880.m4s
[dash] D: GET /chunk-stream0-00881.m4s
[dash] D: GET /chunk-stream0-00882.m4s
[dash] D: GET /chunk-stream0-00883.m4s
[dash] D: GET /chunk-stream0-00884.m4s
[dash] I: stats: req=2457 mpd=673 seg=1784 404=0 full=2457 prog=0 hold=0 (0 ms avg) restart=0
[dash] D: GET /chunk-stream0-00885.m4s
[dash] D: GET /chunk-stream0-00886.m4s
[dash] D: GET /chunk-stream0-00887.m4s
[dash] D: GET /chunk-stream0-00888.m4s
[dash] D: GET /chunk-stream0-00889.m4s
[dash] I: stats: req=2462 mpd=673 seg=1789 404=0 full=2462 prog=0 hold=0 (0 ms avg) restart=0
[dash] D: GET /chunk-stream0-00890.m4s
[dash] D: GET /chunk-stream0-00891.m4s
[dash] D: GET /chunk-stream0-00892.m4s
[dash] D: GET /chunk-stream0-00893.m4s
[dash] D: GET /chunk-stream0-00894.m4s
[dash] I: stats: req=2467 mpd=673 seg=1794 404=0 full=2467 prog=0 hold=0 (0 ms avg) restart=0
[dash] D: GET /chunk-stream0-00895.m4s
[dash] D: GET /chunk-stream0-00896.m4s
[dash] D: GET /chunk-stream0-00897.m4s
[dash] D: GET /chunk-stream0-00898.m4s
[dash] D: GET /live.mpd
[dash] D: GET /chunk-stream1-00899.m4s
[dash] D: GET /chunk-stream1-00900.m4s
[dash] D: GET /chunk-stream1-00901.m4s
[dash] D: GET /chunk-stream1-00902.m4s
[dash] D: GET /chunk-stream1-00903.m4s
[dash] D: GET /chunk-stream1-00904.m4s
[dash] D: GET /chunk-stream1-00905.m4s
[dash] D: GET /chunk-stream1-00906.m4s
[dash] D: GET /chunk-stream1-00907.m4s
[dash] D: GET /chunk-stream1-00908.m4s
[dash] D: GET /chunk-stream1-00909.m4s
[dash] D: GET /chunk-stream1-00910.m4s
[dash] D: GET /chunk-stream1-00911.m4s
[dash] D: GET /chunk-stream1-00912.m4s
[dash] D: GET /chunk-stream1-00913.m4s
[dash] D: GET /chunk-stream1-00914.m4s
[dash] D: GET /chunk-stream1-00915.m4s
[dash] D: GET /chunk-stream1-00916.m4s
[dash] D: GET /chunk-stream1-00917.m4s
[dash] D: GET /chunk-stream1-00918.m4s
[dash] D: GET /chunk-stream1-00919.m4s
[dash] D: GET /chunk-stream1-00920.m4s
[dash] D: GET /chunk-stream1-00921.m4s
[dash] D: GET /chunk-stream0-00899.m4s
[dash] D: GET /chunk-stream0-00900.m4s
[dash] I: stats: req=2497 mpd=674 seg=1823 404=0 full=2497 prog=0 hold=0 (0 ms avg) restart=0
[dash] D: GET /chunk-stream0-00901.m4s
[dash] D: GET /chunk-stream0-00902.m4s
[dash] D: GET /chunk-stream0-00903.m4s
[dash] D: GET /chunk-stream0-00904.m4s
[dash] I: stats: req=2501 mpd=674 seg=1827 404=0 full=2501 prog=0 hold=0 (0 ms avg) restart=0
[dash] D: GET /chunk-stream0-00905.m4s
[dash] D: GET /chunk-stream0-00906.m4s
[dash] D: GET /chunk-stream0-00907.m4s
[dash] D: GET /chunk-stream0-00908.m4s
[dash] D: GET /chunk-stream0-00909.m4s
[dash] I: stats: req=2506 mpd=674 seg=1832 404=0 full=2506 prog=0 hold=0 (0 ms avg) restart=0
[dash] D: GET /chunk-stream0-00910.m4s
[dash] D: GET /chunk-stream0-00911.m4s
[dash] D: GET /chunk-stream0-00912.m4s
[dash] D: GET /chunk-stream0-00913.m4s
[dash] D: GET /chunk-stream0-00914.m4s
[dash] I: stats: req=2511 mpd=674 seg=1837 404=0 full=2511 prog=0 hold=0 (0 ms avg) restart=0
[dash] D: GET /chunk-stream0-00915.m4s
[dash] D: GET /chunk-stream0-00916.m4s
[dash] D: GET /chunk-stream0-00917.m4s
[dash] D: GET /chunk-stream0-00918.m4s
[dash] D: GET /chunk-stream0-00919.m4s
[dash] I: stats: req=2516 mpd=674 seg=1842 404=0 full=2516 prog=0 hold=0 (0 ms avg) restart=0
[dash] D: GET /chunk-stream0-00920.m4s
[dash] D: GET /chunk-stream0-00921.m4s
[dash] D: GET /live.mpd
[dash] D: GET /chunk-stream1-00922.m4s
[dash] D: GET /chunk-stream1-00923.m4s
[dash] D: GET /chunk-stream1-00924.m4s
[dash] D: GET /chunk-stream1-00925.m4s
[dash] D: GET /chunk-stream1-00926.m4s
[dash] D: GET /chunk-stream1-00927.m4s
[dash] D: GET /chunk-stream1-00928.m4s
[dash] D: GET /chunk-stream1-00929.m4s
[dash] D: GET /chunk-stream1-00930.m4s
[dash] D: GET /chunk-stream1-00931.m4s
[dash] D: GET /chunk-stream1-00932.m4s
[dash] D: GET /chunk-stream1-00933.m4s
[dash] D: GET /chunk-stream1-00934.m4s
[dash] D: GET /chunk-stream1-00935.m4s
[dash] D: GET /chunk-stream1-00936.m4s
[dash] D: GET /chunk-stream1-00937.m4s
[dash] D: GET /chunk-stream1-00938.m4s
[dash] D: GET /chunk-stream1-00939.m4s
[dash] D: GET /chunk-stream1-00940.m4s
[dash] D: GET /chunk-stream1-00941.m4s
[dash] D: GET /chunk-stream1-00942.m4s
[dash] D: GET /chunk-stream1-00943.m4s
[dash] D: GET /chunk-stream1-00944.m4s
[dash] D: GET /chunk-stream0-00922.m4s
[dash] D: GET /chunk-stream0-00923.m4s
[dash] D: GET /chunk-stream0-00924.m4s
[dash] I: stats: req=2545 mpd=675 seg=1870 404=0 full=2545 prog=0 hold=0 (0 ms avg) restart=0
[dash] D: GET /chunk-stream0-00925.m4s
[dash] D: GET /chunk-stream0-00926.m4s
[dash] D: GET /chunk-stream0-00927.m4s
[dash] D: GET /chunk-stream0-00928.m4s
[dash] D: GET /chunk-stream0-00929.m4s
[dash] I: stats: req=2550 mpd=675 seg=1875 404=0 full=2550 prog=0 hold=0 (0 ms avg) restart=0
[dash] D: GET /chunk-stream0-00930.m4s
[dash] D: GET /chunk-stream0-00931.m4s
[dash] D: GET /chunk-stream0-00932.m4s
[dash] D: GET /chunk-stream0-00933.m4s
[dash] D: GET /chunk-stream0-00934.m4s
[dash] I: stats: req=2555 mpd=675 seg=1880 404=0 full=2555 prog=0 hold=0 (0 ms avg) restart=0
[dash] D: GET /chunk-stream0-00935.m4s
[dash] D: GET /chunk-stream0-00936.m4s
[dash] D: GET /chunk-stream0-00937.m4s
[dash] D: GET /chunk-stream0-00938.m4s
[dash] D: GET /chunk-stream0-00939.m4s
[dash] I: stats: req=2560 mpd=675 seg=1885 404=0 full=2560 prog=0 hold=0 (0 ms avg) restart=0
[dash] D: GET /chunk-stream0-00940.m4s
[dash] D: GET /chunk-stream0-00941.m4s
[dash] D: GET /chunk-stream0-00942.m4s
[dash] D: GET /chunk-stream0-00943.m4s
[dash] D: GET /chunk-stream0-00944.m4s
[dash] I: stats: req=2565 mpd=675 seg=1890 404=0 full=2565 prog=0 hold=0 (0 ms avg) restart=0
[dash] D: GET /live.mpd
[dash] D: GET /chunk-stream1-00945.m4s
[dash] D: GET /chunk-stream1-00946.m4s
[dash] D: GET /chunk-stream1-00947.m4s
[dash] D: GET /chunk-stream1-00948.m4s
[dash] D: GET /chunk-stream1-00949.m4s
[dash] D: GET /chunk-stream1-00950.m4s
[dash] D: GET /chunk-stream1-00951.m4s
[dash] D: GET /chunk-stream1-00952.m4s
[dash] D: GET /chunk-stream1-00953.m4s
[dash] D: GET /chunk-stream1-00954.m4s
[dash] D: GET /chunk-stream1-00955.m4s
[dash] D: GET /chunk-stream1-00956.m4s
[dash] D: GET /chunk-stream1-00957.m4s
[dash] D: GET /chunk-stream1-00958.m4s
[dash] D: GET /chunk-stream1-00959.m4s
[dash] D: GET /chunk-stream1-00960.m4s
[dash] D: GET /chunk-stream1-00961.m4s
[dash] D: GET /chunk-stream1-00962.m4s
[dash] D: GET /chunk-stream1-00963.m4s
[dash] D: GET /chunk-stream1-00964.m4s
[dash] D: GET /chunk-stream1-00965.m4s
[dash] D: GET /chunk-stream1-00966.m4s
[dash] D: GET /chunk-stream1-00967.m4s
[dash] D: GET /chunk-stream1-00968.m4s
[dash] D: GET /chunk-stream0-00945.m4s
[dash] D: GET /chunk-stream0-00946.m4s
[dash] D: GET /chunk-stream0-00947.m4s
[dash] D: GET /chunk-stream0-00948.m4s
[dash] D: GET /chunk-stream0-00949.m4s
[dash] I: stats: req=2595 mpd=676 seg=1919 404=0 full=2595 prog=0 hold=0 (0 ms avg) restart=0
[dash] D: GET /chunk-stream0-00950.m4s
[dash] D: GET /chunk-stream0-00951.m4s
[dash] D: GET /chunk-stream0-00952.m4s
[dash] D: GET /chunk-stream0-00953.m4s
[dash] D: GET /chunk-stream0-00954.m4s
[dash] I: stats: req=2600 mpd=676 seg=1924 404=0 full=2600 prog=0 hold=0 (0 ms avg) restart=0
[dash] D: GET /chunk-stream0-00955.m4s
[dash] D: GET /chunk-stream0-00956.m4s
[dash] D: GET /chunk-stream0-00957.m4s
[dash] D: GET /chunk-stream0-00958.m4s
[dash] D: GET /chunk-stream0-00959.m4s
[dash] I: stats: req=2605 mpd=676 seg=1929 404=0 full=2605 prog=0 hold=0 (0 ms avg) restart=0
[dash] D: GET /chunk-stream0-00960.m4s
[dash] D: GET /chunk-stream0-00961.m4s
[dash] D: GET /chunk-stream0-00962.m4s
[dash] D: GET /chunk-stream0-00963.m4s
[dash] D: GET /chunk-stream0-00964.m4s
[dash] I: stats: req=2610 mpd=676 seg=1934 404=0 full=2610 prog=0 hold=0 (0 ms avg) restart=0
[dash] D: GET /chunk-stream0-00965.m4s
[dash] D: GET /chunk-stream0-00966.m4s
[dash] D: GET /chunk-stream0-00967.m4s
[dash] D: GET /chunk-stream0-00968.m4s
[dash] D: GET /live.mpd
[dash] D: GET /chunk-stream1-00969.m4s
[dash] D: GET /chunk-stream1-00970.m4s
[dash] D: GET /chunk-stream1-00971.m4s
[dash] D: GET /chunk-stream1-00972.m4s
[dash] D: GET /chunk-stream1-00973.m4s
[dash] D: GET /chunk-stream1-00974.m4s
[dash] D: GET /chunk-stream1-00975.m4s
[dash] D: GET /chunk-stream1-00976.m4s
[dash] D: GET /chunk-stream1-00977.m4s
[dash] D: GET /chunk-stream1-00978.m4s
[dash] D: GET /chunk-stream1-00979.m4s
[dash] D: GET /chunk-stream1-00980.m4s
[dash] D: GET /chunk-stream1-00981.m4s
[dash] D: GET /chunk-stream1-00982.m4s
[dash] D: GET /chunk-stream1-00983.m4s
[dash] D: GET /chunk-stream1-00984.m4s
[dash] D: GET /chunk-stream1-00985.m4s
[dash] D: GET /chunk-stream1-00986.m4s
[dash] D: GET /chunk-stream1-00987.m4s
[dash] D: GET /chunk-stream1-00988.m4s
[dash] D: GET /chunk-stream1-00989.m4s
[dash] D: GET /chunk-stream1-00990.m4s
[dash] D: GET /chunk-stream1-00991.m4s
[dash] I: stats: req=2638 mpd=677 seg=1961 404=0 full=2638 prog=0 hold=0 (0 ms avg) restart=0
[dash] D: GET /chunk-stream1-00992.m4s
[dash] D: GET /chunk-stream1-00993.m4s
[dash] D: GET /chunk-stream0-00969.m4s
[dash] D: GET /chunk-stream0-00970.m4s
[dash] D: GET /chunk-stream0-00971.m4s
[dash] D: GET /chunk-stream0-00972.m4s
[dash] D: GET /chunk-stream0-00973.m4s
[dash] D: GET /chunk-stream0-00974.m4s
[dash] I: stats: req=2646 mpd=677 seg=1969 404=0 full=2646 prog=0 hold=0 (0 ms avg) restart=0
[dash] D: GET /chunk-stream0-00975.m4s
[dash] D: GET /chunk-stream0-00976.m4s
[dash] D: GET /chunk-stream0-00977.m4s
[dash] D: GET /chunk-stream0-00978.m4s
[dash] D: GET /chunk-stream0-00979.m4s
[dash] I: stats: req=2651 mpd=677 seg=1974 404=0 full=2651 prog=0 hold=0 (0 ms avg) restart=0
[dash] D: GET /chunk-stream0-00980.m4s
[dash] D: GET /chunk-stream0-00981.m4s
[dash] D: GET /chunk-stream0-00982.m4s
[dash] D: GET /chunk-stream0-00983.m4s
[dash] D: GET /chunk-stream0-00984.m4s
[dash] I: stats: req=2656 mpd=677 seg=1979 404=0 full=2656 prog=0 hold=0 (0 ms avg) restart=0
[dash] D: GET /chunk-stream0-00985.m4s
[dash] D: GET /chunk-stream0-00986.m4s
[dash] D: GET /chunk-stream0-00987.m4s
[dash] D: GET /chunk-stream0-00988.m4s
[dash] D: GET /chunk-stream0-00989.m4s
[dash] I: stats: req=2661 mpd=677 seg=1984 404=0 full=2661 prog=0 hold=0 (0 ms avg) restart=0
[dash] D: GET /chunk-stream0-00990.m4s
[dash] D: GET /chunk-stream0-00991.m4s
[dash] D: GET /chunk-stream0-00992.m4s
[dash] D: GET /chunk-stream0-00993.m4s
[dash] D: GET /live.mpd
[dash] D: GET /chunk-stream1-00994.m4s
[dash] D: GET /chunk-stream1-00995.m4s
[dash] D: GET /chunk-stream1-00996.m4s
[dash] D: GET /chunk-stream1-00997.m4s
[dash] D: GET /chunk-stream1-00998.m4s
[dash] D: GET /chunk-stream1-00999.m4s
[dash] D: GET /chunk-stream1-01000.m4s
[dash] D: GET /chunk-stream1-01001.m4s
[dash] D: GET /chunk-stream1-01002.m4s
[dash] D: GET /chunk-stream1-01003.m4s
[dash] D: GET /chunk-stream1-01004.m4s
[dash] D: GET /chunk-stream1-01005.m4s
[dash] D: GET /chunk-stream1-01006.m4s
[dash] D: GET /chunk-stream1-01007.m4s
[dash] D: GET /chunk-stream1-01008.m4s
[dash] D: GET /chunk-stream1-01009.m4s
[dash] D: GET /chunk-stream1-01010.m4s
[dash] D: GET /chunk-stream1-01011.m4s
[dash] D: GET /chunk-stream1-01012.m4s
[dash] D: GET /chunk-stream1-01013.m4s
[dash] D: GET /chunk-stream1-01014.m4s
[dash] D: GET /chunk-stream1-01015.m4s
[dash] D: GET /chunk-stream1-01016.m4s
[dash] D: GET /chunk-stream1-01017.m4s
[dash] D: GET /chunk-stream1-01018.m4s
[dash] D: GET /chunk-stream1-01019.m4s
[dash] D: GET /chunk-stream0-00994.m4s
[dash] D: GET /chunk-stream0-00995.m4s
[dash] I: stats: req=2694 mpd=678 seg=2016 404=0 full=2694 prog=0 hold=0 (0 ms avg) restart=0
[dash] D: GET /chunk-stream0-00996.m4s
[dash] D: GET /chunk-stream0-00997.m4s
[dash] D: GET /chunk-stream0-00998.m4s
[dash] D: GET /chunk-stream0-00999.m4s
[dash] I: stats: req=2698 mpd=678 seg=2020 404=0 full=2698 prog=0 hold=0 (0 ms avg) restart=0
[dash] D: GET /chunk-stream0-01000.m4s
[dash] D: GET /chunk-stream0-01001.m4s
[dash] D: GET /chunk-stream0-01002.m4s
[dash] D: GET /chunk-stream0-01003.m4s
[dash] D: GET /chunk-stream0-01004.m4s
[dash] I: stats: req=2703 mpd=678 seg=2025 404=0 full=2703 prog=0 hold=0 (0 ms avg) restart=0
[dash] D: GET /chunk-stream0-01005.m4s
[dash] D: GET /chunk-stream0-01006.m4s
[dash] D: GET /chunk-stream0-01007.m4s
[dash] D: GET /chunk-stream0-01008.m4s
[dash] D: GET /chunk-stream0-01009.m4s
[dash] I: stats: req=2708 mpd=678 seg=2030 404=0 full=2708 prog=0 hold=0 (0 ms avg) restart=0
[dash] D: GET /chunk-stream0-01010.m4s
[dash] D: GET /chunk-stream0-01011.m4s
[dash] D: GET /chunk-stream0-01012.m4s
[dash] D: GET /chunk-stream0-01013.m4s
[dash] D: GET /chunk-stream0-01014.m4s
[dash] I: stats: req=2713 mpd=678 seg=2035 404=0 full=2713 prog=0 hold=0 (0 ms avg) restart=0
[dash] D: GET /chunk-stream0-01015.m4s
[mp4 @ 0x5adca260f980] Application provided duration: -1 / timestamp: 45997055 is out of range for mov/mp4 format
[dash] D: GET /chunk-stream0-01016.m4s
[dash] D: GET /chunk-stream0-01017.m4s
[dash] D: GET /chunk-stream0-01018.m4s
[dash] D: GET /chunk-stream0-01019.m4s
[dash] I: stats: req=2718 mpd=678 seg=2040 404=0 full=2718 prog=0 hold=0 (0 ms avg) restart=0
[dash] D: GET /live.mpd
[dash] D: GET /chunk-stream1-01020.m4s
[dash] D: GET /chunk-stream1-01021.m4s
[dash] D: GET /chunk-stream1-01022.m4s
[dash] D: GET /chunk-stream1-01023.m4s
[dash] D: GET /chunk-stream1-01024.m4s
[dash] D: GET /chunk-stream1-01025.m4s
[dash] D: GET /chunk-stream1-01026.m4s
[dash] D: GET /chunk-stream1-01027.m4s
[dash] D: GET /chunk-stream1-01028.m4s
[dash] D: GET /chunk-stream1-01029.m4s
[dash] D: GET /chunk-stream1-01030.m4s
[dash] D: GET /chunk-stream1-01031.m4s
[dash] D: GET /chunk-stream1-01032.m4s
[dash] D: GET /chunk-stream1-01033.m4s
[dash] D: GET /chunk-stream1-01034.m4s
[dash] D: GET /chunk-stream1-01035.m4s
[dash] D: GET /chunk-stream1-01036.m4s
[dash] D: GET /chunk-stream1-01037.m4s
[dash] D: GET /chunk-stream1-01038.m4s
[dash] D: GET /chunk-stream1-01039.m4s
[dash] D: GET /chunk-stream1-01040.m4s
[dash] D: GET /chunk-stream1-01041.m4s
[dash] D: GET /chunk-stream1-01042.m4s
[dash] D: GET /chunk-stream1-01043.m4s
[dash] D: GET /chunk-stream1-01044.m4s
[dash] D: GET /chunk-stream1-01045.m4s
[dash] D: GET /chunk-stream0-01020.m4s
[dash] D: GET /chunk-stream0-01021.m4s
[dash] D: GET /chunk-stream0-01022.m4s
[dash] D: GET /chunk-stream0-01023.m4s
[dash] D: GET /chunk-stream0-01024.m4s
[dash] I: stats: req=2750 mpd=679 seg=2071 404=0 full=2750 prog=0 hold=0 (0 ms avg) restart=0
[dash] D: GET /chunk-stream0-01025.m4s
[dash] D: GET /chunk-stream0-01026.m4s
[dash] D: GET /chunk-stream0-01027.m4s
[dash] D: GET /chunk-stream0-01028.m4s
[dash] D: GET /chunk-stream0-01029.m4s
[dash] I: stats: req=2755 mpd=679 seg=2076 404=0 full=2755 prog=0 hold=0 (0 ms avg) restart=0
[dash] D: GET /chunk-stream0-01030.m4s
[dash] D: GET /chunk-stream0-01031.m4s
[dash] D: GET /chunk-stream0-01032.m4s
[dash] D: GET /chunk-stream0-01033.m4s
[mp4 @ 0x5adca260f980] Application provided duration: -1 / timestamp: 46790655 is out of range for mov/mp4 format
[dash] D: GET /chunk-stream0-01034.m4s
[dash] I: stats: req=2760 mpd=679 seg=2081 404=0 full=2760 prog=0 hold=0 (0 ms avg) restart=0
[dash] D: GET /chunk-stream0-01035.m4s
[dash] D: GET /chunk-stream0-01036.m4s
[dash] D: GET /chunk-stream0-01037.m4s
[dash] D: GET /chunk-stream0-01038.m4s
[dash] D: GET /chunk-stream0-01039.m4s
[dash] I: stats: req=2765 mpd=679 seg=2086 404=0 full=2765 prog=0 hold=0 (0 ms avg) restart=0
[dash] D: GET /chunk-stream0-01040.m4s
[dash] D: GET /chunk-stream0-01041.m4s
[dash] D: GET /chunk-stream0-01042.m4s
[mp4 @ 0x5adca260f980] Application provided duration: -1 / timestamp: 47187967 is out of range for mov/mp4 format
[dash] D: GET /chunk-stream0-01043.m4s
[dash] D: GET /chunk-stream0-01044.m4s
[dash] I: stats: req=2770 mpd=679 seg=2091 404=0 full=2770 prog=0 hold=0 (0 ms avg) restart=0
[dash] D: GET /chunk-stream0-01045.m4s
[dash] D: GET /live.mpd
[dash] D: GET /chunk-stream1-01046.m4s
[dash] D: GET /chunk-stream1-01047.m4s
[dash] D: GET /chunk-stream1-01048.m4s
[dash] D: GET /chunk-stream1-01049.m4s
[dash] D: GET /chunk-stream1-01050.m4s
[dash] D: GET /chunk-stream1-01051.m4s
[dash] D: GET /chunk-stream1-01052.m4s
[dash] D: GET /chunk-stream1-01053.m4s
[dash] D: GET /chunk-stream1-01054.m4s
[dash] D: GET /chunk-stream1-01055.m4s
[dash] D: GET /chunk-stream1-01056.m4s
[dash] D: GET /chunk-stream1-01057.m4s
[dash] D: GET /chunk-stream1-01058.m4s
[dash] D: GET /chunk-stream1-01059.m4s
[dash] D: GET /chunk-stream1-01060.m4s
[dash] D: GET /chunk-stream1-01061.m4s
[dash] D: GET /chunk-stream1-01062.m4s
[dash] D: GET /chunk-stream1-01063.m4s
[dash] D: GET /chunk-stream1-01064.m4s
[dash] D: GET /chunk-stream1-01065.m4s
[dash] D: GET /chunk-stream1-01066.m4s
[dash] D: GET /chunk-stream1-01067.m4s
[dash] D: GET /chunk-stream1-01068.m4s
[dash] D: GET /chunk-stream1-01069.m4s
[dash] D: GET /chunk-stream1-01070.m4s
[dash] D: GET /chunk-stream1-01071.m4s
[dash] D: GET /chunk-stream1-01072.m4s
[dash] D: GET /chunk-stream0-01046.m4s
[dash] D: GET /chunk-stream0-01047.m4s
[dash] D: GET /chunk-stream0-01048.m4s
[dash] D: GET /chunk-stream0-01049.m4s
[dash] I: stats: req=2803 mpd=680 seg=2123 404=0 full=2803 prog=0 hold=0 (0 ms avg) restart=0
[dash] D: GET /chunk-stream0-01050.m4s
[mp4 @ 0x5adca260f980] Application provided duration: -1 / timestamp: 47584255 is out of range for mov/mp4 format
[dash] D: GET /chunk-stream0-01051.m4s
[dash] D: GET /chunk-stream0-01052.m4s
[dash] D: GET /chunk-stream0-01053.m4s
[dash] D: GET /chunk-stream0-01054.m4s
[dash] I: stats: req=2808 mpd=680 seg=2128 404=0 full=2808 prog=0 hold=0 (0 ms avg) restart=0
[dash] D: GET /chunk-stream0-01055.m4s
[dash] D: GET /chunk-stream0-01056.m4s
[dash] D: GET /chunk-stream0-01057.m4s
[dash] D: GET /chunk-stream0-01058.m4s
[dash] D: GET /chunk-stream0-01059.m4s
[mp4 @ 0x5adca260f980] Application provided duration: -1 / timestamp: 47981567 is out of range for mov/mp4 format
[dash] I: stats: req=2813 mpd=680 seg=2133 404=0 full=2813 prog=0 hold=0 (0 ms avg) restart=0
[dash] D: GET /chunk-stream0-01060.m4s
[dash] D: GET /chunk-stream0-01061.m4s
[dash] D: GET /chunk-stream0-01062.m4s
[dash] D: GET /chunk-stream0-01063.m4s
[dash] D: GET /chunk-stream0-01064.m4s
[dash] I: stats: req=2818 mpd=680 seg=2138 404=0 full=2818 prog=0 hold=0 (0 ms avg) restart=0
[dash] D: GET /chunk-stream0-01065.m4s
[dash] D: GET /chunk-stream0-01066.m4s
[dash] D: GET /chunk-stream0-01067.m4s
[dash] D: GET /chunk-stream0-01068.m4s
[mp4 @ 0x5adca260f980] Application provided duration: -1 / timestamp: 48377855 is out of range for mov/mp4 format
[dash] D: GET /chunk-stream0-01069.m4s
[dash] I: stats: req=2823 mpd=680 seg=2143 404=0 full=2823 prog=0 hold=0 (0 ms avg) restart=0
[dash] D: GET /chunk-stream0-01070.m4s
[dash] D: GET /chunk-stream0-01071.m4s
[dash] D: GET /chunk-stream0-01072.m4s
[dash] D: GET /live.mpd
[dash] D: GET /chunk-stream1-01073.m4s
[dash] D: GET /chunk-stream1-01074.m4s
[dash] D: GET /chunk-stream1-01075.m4s
[dash] D: GET /chunk-stream1-01076.m4s
[dash] D: GET /chunk-stream1-01077.m4s
[dash] D: GET /chunk-stream1-01078.m4s
[dash] D: GET /chunk-stream1-01079.m4s
[dash] D: GET /chunk-stream1-01080.m4s
[dash] D: GET /chunk-stream1-01081.m4s
[dash] D: GET /chunk-stream1-01082.m4s
[dash] D: GET /chunk-stream1-01083.m4s
[dash] D: GET /chunk-stream1-01084.m4s
[dash] D: GET /chunk-stream1-01085.m4s
[dash] D: GET /chunk-stream1-01086.m4s
[dash] D: GET /chunk-stream1-01087.m4s
[dash] D: GET /chunk-stream1-01088.m4s
[dash] D: GET /chunk-stream1-01089.m4s
[dash] D: GET /chunk-stream1-01090.m4s
[dash] D: GET /chunk-stream1-01091.m4s
[dash] D: GET /chunk-stream1-01092.m4s
[dash] D: GET /chunk-stream1-01093.m4s
[dash] D: GET /chunk-stream1-01094.m4s
[dash] D: GET /chunk-stream1-01095.m4s
[dash] D: GET /chunk-stream1-01096.m4s
[dash] D: GET /chunk-stream1-01097.m4s
[dash] D: GET /chunk-stream1-01098.m4s
[dash] D: GET /chunk-stream1-01099.m4s
[dash] D: GET /chunk-stream1-01100.m4s
[dash] D: GET /chunk-stream0-01073.m4s
[dash] D: GET /chunk-stream0-01074.m4s
[dash] I: stats: req=2857 mpd=681 seg=2176 404=0 full=2857 prog=0 hold=0 (0 ms avg) restart=0
[dash] D: GET /chunk-stream0-01075.m4s
[dash] D: GET /chunk-stream0-01076.m4s
[mp4 @ 0x5adca260f980] Application provided duration: -1 / timestamp: 48775167 is out of range for mov/mp4 format
[dash] D: GET /chunk-stream0-01077.m4s
[dash] D: GET /chunk-stream0-01078.m4s
[dash] D: GET /chunk-stream0-01079.m4s
[dash] I: stats: req=2862 mpd=681 seg=2181 404=0 full=2862 prog=0 hold=0 (0 ms avg) restart=0
[dash] D: GET /chunk-stream0-01080.m4s
[dash] D: GET /chunk-stream0-01081.m4s
[dash] D: GET /chunk-stream0-01082.m4s
[dash] D: GET /chunk-stream0-01083.m4s
[dash] D: GET /chunk-stream0-01084.m4s
[dash] I: stats: req=2867 mpd=681 seg=2186 404=0 full=2867 prog=0 hold=0 (0 ms avg) restart=0
[dash] D: GET /chunk-stream0-01085.m4s
[dash] D: GET /chunk-stream0-01086.m4s
[dash] D: GET /chunk-stream0-01087.m4s
[dash] D: GET /chunk-stream0-01088.m4s
[dash] D: GET /chunk-stream0-01089.m4s
[dash] I: stats: req=2872 mpd=681 seg=2191 404=0 full=2872 prog=0 hold=0 (0 ms avg) restart=0
[dash] D: GET /chunk-stream0-01090.m4s
[dash] D: GET /chunk-stream0-01091.m4s
[dash] D: GET /chunk-stream0-01092.m4s
[dash] D: GET /chunk-stream0-01093.m4s
[dash] D: GET /chunk-stream0-01094.m4s
[mp4 @ 0x5adca260f980] Application provided duration: -1 / timestamp: 49568767 is out of range for mov/mp4 format
[dash] I: stats: req=2877 mpd=681 seg=2196 404=0 full=2877 prog=0 hold=0 (0 ms avg) restart=0
[dash] D: GET /chunk-stream0-01095.m4s
[dash] D: GET /chunk-stream0-01096.m4s
[dash] D: GET /chunk-stream0-01097.m4s
[dash] D: GET /chunk-stream0-01098.m4s
[dash] D: GET /chunk-stream0-01099.m4s
[dash] I: stats: req=2882 mpd=681 seg=2201 404=0 full=2882 prog=0 hold=0 (0 ms avg) restart=0
[dash] D: GET /chunk-stream0-01100.m4s
[dash] D: GET /live.mpd
[dash] D: GET /chunk-stream1-01101.m4s
[dash] D: GET /chunk-stream1-01102.m4s
[dash] D: GET /chunk-stream1-01103.m4s
[dash] D: GET /chunk-stream1-01104.m4s
[dash] D: GET /chunk-stream1-01105.m4s
[dash] D: GET /chunk-stream1-01106.m4s
[dash] D: GET /chunk-stream1-01107.m4s
[dash] D: GET /chunk-stream1-01108.m4s
[dash] D: GET /chunk-stream1-01109.m4s
[dash] D: GET /chunk-stream1-01110.m4s
[dash] D: GET /chunk-stream1-01111.m4s
[dash] D: GET /chunk-stream1-01112.m4s
[dash] D: GET /chunk-stream1-01113.m4s
[dash] D: GET /chunk-stream1-01114.m4s
[dash] D: GET /chunk-stream1-01115.m4s
[dash] D: GET /chunk-stream1-01116.m4s
[dash] D: GET /chunk-stream1-01117.m4s
[dash] D: GET /chunk-stream1-01118.m4s
[dash] D: GET /chunk-stream1-01119.m4s
[dash] D: GET /chunk-stream1-01120.m4s
[dash] D: GET /chunk-stream1-01121.m4s
[dash] D: GET /chunk-stream1-01122.m4s
[dash] D: GET /chunk-stream1-01123.m4s
[dash] D: GET /chunk-stream1-01124.m4s
[dash] D: GET /chunk-stream1-01125.m4s
[dash] D: GET /chunk-stream1-01126.m4s
[dash] D: GET /chunk-stream1-01127.m4s
[dash] D: GET /chunk-stream1-01128.m4s
[dash] D: GET /chunk-stream1-01129.m4s
[dash] D: GET /chunk-stream0-01101.m4s
[dash] D: GET /chunk-stream0-01102.m4s
[dash] D: GET /chunk-stream0-01103.m4s
[dash] D: GET /chunk-stream0-01104.m4s
[dash] I: stats: req=2917 mpd=682 seg=2235 404=0 full=2917 prog=0 hold=0 (0 ms avg) restart=0
[dash] D: GET /chunk-stream0-01105.m4s
[dash] D: GET /chunk-stream0-01106.m4s
[dash] D: GET /chunk-stream0-01107.m4s
[dash] D: GET /chunk-stream0-01108.m4s
[dash] D: GET /chunk-stream0-01109.m4s
[dash] I: stats: req=2922 mpd=682 seg=2240 404=0 full=2922 prog=0 hold=0 (0 ms avg) restart=0
[dash] D: GET /chunk-stream0-01110.m4s
[dash] D: GET /chunk-stream0-01111.m4s
[mp4 @ 0x5adca260f980] Application provided duration: -1 / timestamp: 50362367 is out of range for mov/mp4 format
[dash] D: GET /chunk-stream0-01112.m4s
[dash] D: GET /chunk-stream0-01113.m4s
[dash] D: GET /chunk-stream0-01114.m4s
[dash] I: stats: req=2927 mpd=682 seg=2245 404=0 full=2927 prog=0 hold=0 (0 ms avg) restart=0
[dash] D: GET /chunk-stream0-01115.m4s
[dash] D: GET /chunk-stream0-01116.m4s
[dash] D: GET /chunk-stream0-01117.m4s
[dash] D: GET /chunk-stream0-01118.m4s
[dash] D: GET /chunk-stream0-01119.m4s
[dash] I: stats: req=2932 mpd=682 seg=2250 404=0 full=2932 prog=0 hold=0 (0 ms avg) restart=0
[dash] D: GET /chunk-stream0-01120.m4s
[dash] D: GET /chunk-stream0-01121.m4s
[dash] D: GET /chunk-stream0-01122.m4s
[dash] D: GET /chunk-stream0-01123.m4s
[dash] D: GET /chunk-stream0-01124.m4s
[dash] I: stats: req=2937 mpd=682 seg=2255 404=0 full=2937 prog=0 hold=0 (0 ms avg) restart=0
[dash] D: GET /chunk-stream0-01125.m4s
[dash] D: GET /chunk-stream0-01126.m4s
[dash] D: GET /chunk-stream0-01127.m4s
[dash] D: GET /chunk-stream0-01128.m4s
[dash] D: GET /chunk-stream0-01129.m4s
[dash] I: stats: req=2942 mpd=682 seg=2260 404=0 full=2942 prog=0 hold=0 (0 ms avg) restart=0
[dash] D: GET /live.mpd
[dash] D: GET /chunk-stream1-01130.m4s
[dash] D: GET /chunk-stream1-01131.m4s
[dash] D: GET /chunk-stream1-01132.m4s
[dash] D: GET /chunk-stream1-01133.m4s
[dash] D: GET /chunk-stream1-01134.m4s
[dash] D: GET /chunk-stream1-01135.m4s
[dash] D: GET /chunk-stream1-01136.m4s
[dash] D: GET /chunk-stream1-01137.m4s
[dash] D: GET /chunk-stream1-01138.m4s
[dash] D: GET /chunk-stream1-01139.m4s
[dash] D: GET /chunk-stream1-01140.m4s
[dash] D: GET /chunk-stream1-01141.m4s
[dash] D: GET /chunk-stream1-01142.m4s
[dash] D: GET /chunk-stream1-01143.m4s
[dash] D: GET /chunk-stream1-01144.m4s
[dash] D: GET /chunk-stream1-01145.m4s
[dash] D: GET /chunk-stream1-01146.m4s
[dash] D: GET /chunk-stream1-01147.m4s
[dash] D: GET /chunk-stream1-01148.m4s
[dash] D: GET /chunk-stream1-01149.m4s
[dash] D: GET /chunk-stream1-01150.m4s
[dash] D: GET /chunk-stream1-01151.m4s
[dash] D: GET /chunk-stream1-01152.m4s
[dash] D: GET /chunk-stream1-01153.m4s
[dash] D: GET /chunk-stream1-01154.m4s
[dash] D: GET /chunk-stream1-01155.m4s
[dash] D: GET /chunk-stream1-01156.m4s
[dash] D: GET /chunk-stream1-01157.m4s
[dash] D: GET /chunk-stream1-01158.m4s
[dash] D: GET /chunk-stream1-01159.m4s
[dash] D: GET /chunk-stream0-01130.m4s
[dash] D: GET /chunk-stream0-01131.m4s
[mp4 @ 0x5adca260f980] Application provided duration: -1 / timestamp: 51245055 is out of range for mov/mp4 format
[dash] D: GET /chunk-stream0-01132.m4s
[dash] D: GET /chunk-stream0-01133.m4s
[dash] D: GET /chunk-stream0-01134.m4s
[dash] I: stats: req=2978 mpd=683 seg=2295 404=0 full=2978 prog=0 hold=0 (0 ms avg) restart=0
[dash] D: GET /chunk-stream0-01135.m4s
[dash] D: GET /chunk-stream0-01136.m4s
[dash] D: GET /chunk-stream0-01137.m4s
[dash] D: GET /chunk-stream0-01138.m4s
[dash] D: GET /chunk-stream0-01139.m4s
[dash] I: stats: req=2983 mpd=683 seg=2300 404=0 full=2983 prog=0 hold=0 (0 ms avg) restart=0
[dash] D: GET /chunk-stream0-01140.m4s
[dash] D: GET /chunk-stream0-01141.m4s
[dash] D: GET /chunk-stream0-01142.m4s
[dash] D: GET /chunk-stream0-01143.m4s
[dash] D: GET /chunk-stream0-01144.m4s
[dash] I: stats: req=2988 mpd=683 seg=2305 404=0 full=2988 prog=0 hold=0 (0 ms avg) restart=0
[dash] D: GET /chunk-stream0-01145.m4s
[dash] D: GET /chunk-stream0-01146.m4s
[dash] D: GET /chunk-stream0-01147.m4s
[dash] D: GET /chunk-stream0-01148.m4s
[mp4 @ 0x5adca260f980] Application provided duration: -1 / timestamp: 52038655 is out of range for mov/mp4 format
[dash] D: GET /chunk-stream0-01149.m4s
[dash] I: stats: req=2993 mpd=683 seg=2310 404=0 full=2993 prog=0 hold=0 (0 ms avg) restart=0
[dash] D: GET /chunk-stream0-01150.m4s
[dash] D: GET /chunk-stream0-01151.m4s
[dash] D: GET /chunk-stream0-01152.m4s
[dash] D: GET /chunk-stream0-01153.m4s
[dash] D: GET /chunk-stream0-01154.m4s
[dash] I: stats: req=2998 mpd=683 seg=2315 404=0 full=2998 prog=0 hold=0 (0 ms avg) restart=0
[dash] D: GET /chunk-stream0-01155.m4s
[dash] D: GET /chunk-stream0-01156.m4s
[dash] D: GET /chunk-stream0-01157.m4s
[dash] D: GET /chunk-stream0-01158.m4s
[dash] D: GET /chunk-stream0-01159.m4s
[dash] I: stats: req=3003 mpd=683 seg=2320 404=0 full=3003 prog=0 hold=0 (0 ms avg) restart=0
[dash] D: GET /live.mpd
[dash] D: GET /chunk-stream1-01160.m4s
[dash] D: GET /chunk-stream1-01161.m4s
[dash] D: GET /chunk-stream1-01162.m4s
[dash] D: GET /chunk-stream1-01163.m4s
[dash] D: GET /chunk-stream1-01164.m4s
[dash] D: GET /chunk-stream1-01165.m4s
[dash] D: GET /chunk-stream1-01166.m4s
[dash] D: GET /chunk-stream1-01167.m4s
[dash] D: GET /chunk-stream1-01168.m4s
[dash] D: GET /chunk-stream1-01169.m4s
[dash] D: GET /chunk-stream1-01170.m4s
[dash] D: GET /chunk-stream1-01171.m4s
[dash] D: GET /chunk-stream1-01172.m4s
[dash] D: GET /chunk-stream1-01173.m4s
[dash] D: GET /chunk-stream1-01174.m4s
[dash] D: GET /chunk-stream1-01175.m4s
[dash] D: GET /chunk-stream1-01176.m4s
[dash] D: GET /chunk-stream1-01177.m4s
[dash] D: GET /chunk-stream1-01178.m4s
[dash] D: GET /chunk-stream1-01179.m4s
[dash] D: GET /chunk-stream1-01180.m4s
[dash] D: GET /chunk-stream1-01181.m4s
[dash] D: GET /chunk-stream1-01182.m4s
[dash] D: GET /chunk-stream1-01183.m4s
[dash] D: GET /chunk-stream1-01184.m4s
[dash] D: GET /chunk-stream1-01185.m4s
[dash] D: GET /chunk-stream1-01186.m4s
[dash] D: GET /chunk-stream1-01187.m4s
[dash] D: GET /chunk-stream1-01188.m4s
[dash] D: GET /chunk-stream1-01189.m4s
[dash] D: GET /chunk-stream1-01190.m4s
[dash] D: GET /chunk-stream0-01160.m4s
[dash] D: GET /chunk-stream0-01161.m4s
[dash] D: GET /chunk-stream0-01162.m4s
[dash] D: GET /chunk-stream0-01163.m4s
[dash] D: GET /chunk-stream0-01164.m4s
[dash] I: stats: req=3040 mpd=684 seg=2356 404=0 full=3040 prog=0 hold=0 (0 ms avg) restart=0
[dash] D: GET /chunk-stream0-01165.m4s
[dash] D: GET /chunk-stream0-01166.m4s
[mp4 @ 0x5adca260f980] Application provided duration: -1 / timestamp: 52832255 is out of range for mov/mp4 format
[dash] D: GET /chunk-stream0-01167.m4s
[dash] D: GET /chunk-stream0-01168.m4s
[dash] D: GET /chunk-stream0-01169.m4s
[dash] I: stats: req=3045 mpd=684 seg=2361 404=0 full=3045 prog=0 hold=0 (0 ms avg) restart=0
[dash] D: GET /chunk-stream0-01170.m4s
[dash] D: GET /chunk-stream0-01171.m4s
[dash] D: GET /chunk-stream0-01172.m4s
[dash] D: GET /chunk-stream0-01173.m4s
[dash] D: GET /chunk-stream0-01174.m4s
[mp4 @ 0x5adca260f980] Application provided duration: -1 / timestamp: 53229567 is out of range for mov/mp4 format
[dash] I: stats: req=3050 mpd=684 seg=2366 404=0 full=3050 prog=0 hold=0 (0 ms avg) restart=0
[dash] D: GET /chunk-stream0-01175.m4s
[dash] D: GET /chunk-stream0-01176.m4s
[dash] D: GET /chunk-stream0-01177.m4s
[dash] D: GET /chunk-stream0-01178.m4s
[dash] D: GET /chunk-stream0-01179.m4s
[dash] I: stats: req=3055 mpd=684 seg=2371 404=0 full=3055 prog=0 hold=0 (0 ms avg) restart=0
[dash] D: GET /chunk-stream0-01180.m4s
[dash] D: GET /chunk-stream0-01181.m4s
[dash] D: GET /chunk-stream0-01182.m4s
[dash] D: GET /chunk-stream0-01183.m4s
[mp4 @ 0x5adca260f980] Application provided duration: -1 / timestamp: 53625855 is out of range for mov/mp4 format
[dash] D: GET /chunk-stream0-01184.m4s
[dash] I: stats: req=3060 mpd=684 seg=2376 404=0 full=3060 prog=0 hold=0 (0 ms avg) restart=0
[dash] D: GET /chunk-stream0-01185.m4s
[dash] D: GET /chunk-stream0-01186.m4s
[dash] D: GET /chunk-stream0-01187.m4s
[dash] D: GET /chunk-stream0-01188.m4s
[dash] D: GET /chunk-stream0-01189.m4s
[dash] I: stats: req=3065 mpd=684 seg=2381 404=0 full=3065 prog=0 hold=0 (0 ms avg) restart=0
[dash] D: GET /chunk-stream0-01190.m4s
[dash] D: GET /live.mpd
[dash] D: GET /chunk-stream1-01191.m4s
[dash] D: GET /chunk-stream1-01192.m4s
[dash] D: GET /chunk-stream1-01193.m4s
[dash] D: GET /chunk-stream1-01194.m4s
[dash] D: GET /chunk-stream1-01195.m4s
[dash] D: GET /chunk-stream1-01196.m4s
[dash] D: GET /chunk-stream1-01197.m4s
[dash] D: GET /chunk-stream1-01198.m4s
[dash] D: GET /chunk-stream1-01199.m4s
[dash] D: GET /chunk-stream1-01200.m4s
[dash] D: GET /chunk-stream1-01201.m4s
[dash] D: GET /chunk-stream1-01202.m4s
[dash] D: GET /chunk-stream1-01203.m4s
[dash] D: GET /chunk-stream1-01204.m4s
[dash] D: GET /chunk-stream1-01205.m4s
[dash] D: GET /chunk-stream1-01206.m4s
[dash] D: GET /chunk-stream1-01207.m4s
[dash] D: GET /chunk-stream1-01208.m4s
[dash] D: GET /chunk-stream1-01209.m4s
[dash] D: GET /chunk-stream1-01210.m4s
[dash] D: GET /chunk-stream1-01211.m4s
[dash] D: GET /chunk-stream1-01212.m4s
[dash] D: GET /chunk-stream1-01213.m4s
[dash] D: GET /chunk-stream1-01214.m4s
[dash] D: GET /chunk-stream1-01215.m4s
[dash] D: GET /chunk-stream1-01216.m4s
[dash] D: GET /chunk-stream1-01217.m4s
[dash] D: GET /chunk-stream1-01218.m4s
[dash] D: GET /chunk-stream1-01219.m4s
[dash] D: GET /chunk-stream1-01220.m4s
[dash] D: GET /chunk-stream1-01221.m4s
[dash] D: GET /chunk-stream1-01222.m4s
[dash] D: GET /chunk-stream0-01191.m4s
[dash] D: GET /chunk-stream0-01192.m4s
[mp4 @ 0x5adca260f980] Application provided duration: -1 / timestamp: 54023167 is out of range for mov/mp4 format
[dash] D: GET /chunk-stream0-01193.m4s
[dash] D: GET /chunk-stream0-01194.m4s
[dash] I: stats: req=3103 mpd=685 seg=2418 404=0 full=3103 prog=0 hold=0 (0 ms avg) restart=0
[dash] D: GET /chunk-stream0-01195.m4s
[dash] D: GET /chunk-stream0-01196.m4s
[dash] D: GET /chunk-stream0-01197.m4s
[dash] D: GET /chunk-stream0-01198.m4s
[dash] D: GET /chunk-stream0-01199.m4s
[dash] I: stats: req=3108 mpd=685 seg=2423 404=0 full=3108 prog=0 hold=0 (0 ms avg) restart=0
[dash] D: GET /chunk-stream0-01200.m4s
[dash] D: GET /chunk-stream0-01201.m4s
[mp4 @ 0x5adca260f980] Application provided duration: -1 / timestamp: 54419455 is out of range for mov/mp4 format
[dash] D: GET /chunk-stream0-01202.m4s
[dash] D: GET /chunk-stream0-01203.m4s
[dash] D: GET /chunk-stream0-01204.m4s
[dash] I: stats: req=3113 mpd=685 seg=2428 404=0 full=3113 prog=0 hold=0 (0 ms avg) restart=0
[dash] D: GET /chunk-stream0-01205.m4s
[dash] D: GET /chunk-stream0-01206.m4s
[dash] D: GET /chunk-stream0-01207.m4s
[dash] D: GET /chunk-stream0-01208.m4s
[dash] D: GET /chunk-stream0-01209.m4s
[mp4 @ 0x5adca260f980] Application provided duration: -1 / timestamp: 54816767 is out of range for mov/mp4 format
[dash] I: stats: req=3118 mpd=685 seg=2433 404=0 full=3118 prog=0 hold=0 (0 ms avg) restart=0
[dash] D: GET /chunk-stream0-01210.m4s
[dash] D: GET /chunk-stream0-01211.m4s
[dash] D: GET /chunk-stream0-01212.m4s
[dash] D: GET /chunk-stream0-01213.m4s
[dash] D: GET /chunk-stream0-01214.m4s
[dash] I: stats: req=3123 mpd=685 seg=2438 404=0 full=3123 prog=0 hold=0 (0 ms avg) restart=0
[dash] D: GET /chunk-stream0-01215.m4s
[dash] D: GET /chunk-stream0-01216.m4s
[dash] D: GET /chunk-stream0-01217.m4s
[dash] D: GET /chunk-stream0-01218.m4s
[dash] D: GET /chunk-stream0-01219.m4s
[dash] I: stats: req=3128 mpd=685 seg=2443 404=0 full=3128 prog=0 hold=0 (0 ms avg) restart=0
[dash] D: GET /chunk-stream0-01220.m4s
[dash] D: GET /chunk-stream0-01221.m4s
[dash] D: GET /chunk-stream0-01222.m4s
[dash] D: GET /live.mpd
[dash] D: GET /chunk-stream1-01223.m4s
[dash] D: GET /chunk-stream1-01224.m4s
[dash] D: GET /chunk-stream1-01225.m4s
[dash] D: GET /chunk-stream1-01226.m4s
[dash] D: GET /chunk-stream1-01227.m4s
[dash] D: GET /chunk-stream1-01228.m4s
[dash] D: GET /chunk-stream1-01229.m4s
[dash] D: GET /chunk-stream1-01230.m4s
[dash] D: GET /chunk-stream1-01231.m4s
[dash] D: GET /chunk-stream1-01232.m4s
[dash] D: GET /chunk-stream1-01233.m4s
[dash] D: GET /chunk-stream1-01234.m4s
[dash] D: GET /chunk-stream1-01235.m4s
[dash] D: GET /chunk-stream1-01236.m4s
[dash] D: GET /chunk-stream1-01237.m4s
[dash] D: GET /chunk-stream1-01238.m4s
[dash] D: GET /chunk-stream1-01239.m4s
[dash] D: GET /chunk-stream1-01240.m4s
[dash] D: GET /chunk-stream1-01241.m4s
[dash] D: GET /chunk-stream1-01242.m4s
[dash] D: GET /chunk-stream1-01243.m4s
[dash] D: GET /chunk-stream1-01244.m4s
[dash] D: GET /chunk-stream1-01245.m4s
[dash] D: GET /chunk-stream1-01246.m4s
[dash] D: GET /chunk-stream1-01247.m4s
[dash] D: GET /chunk-stream1-01248.m4s
[dash] D: GET /chunk-stream1-01249.m4s
[dash] D: GET /chunk-stream1-01250.m4s
[dash] D: GET /chunk-stream1-01251.m4s
[dash] D: GET /chunk-stream1-01252.m4s
[dash] D: GET /chunk-stream1-01253.m4s
[dash] D: GET /chunk-stream1-01254.m4s
[dash] D: GET /chunk-stream1-01255.m4s
[dash] D: GET /chunk-stream0-01223.m4s
[dash] D: GET /chunk-stream0-01224.m4s
[dash] I: stats: req=3167 mpd=686 seg=2481 404=0 full=3167 prog=0 hold=0 (0 ms avg) restart=0
[dash] D: GET /chunk-stream0-01225.m4s
[dash] D: GET /chunk-stream0-01226.m4s
[dash] I: play-once: encoder reached end of input (EOS)
[dash] D: GET /chunk-stream0-01227.m4s
[dash] D: GET /chunk-stream0-01228.m4s
[dash] D: GET /chunk-stream0-01229.m4s
[dash] I: stats: req=3172 mpd=686 seg=2486 404=0 full=3172 prog=0 hold=0 (0 ms avg) restart=0
[dash] D: GET /chunk-stream0-01230.m4s
[dash] D: GET /chunk-stream0-01231.m4s
[dash] D: GET /chunk-stream0-01232.m4s
[dash] D: GET /chunk-stream0-01233.m4s
[dash] D: GET /chunk-stream0-01234.m4s
[dash] I: stats: req=3177 mpd=686 seg=2491 404=0 full=3177 prog=0 hold=0 (0 ms avg) restart=0
[dash] D: GET /chunk-stream0-01235.m4s
[dash] D: GET /chunk-stream0-01236.m4s
[dash] D: GET /chunk-stream0-01237.m4s
[dash] D: GET /chunk-stream0-01238.m4s
[dash] D: GET /chunk-stream0-01239.m4s
[dash] I: stats: req=3182 mpd=686 seg=2496 404=0 full=3182 prog=0 hold=0 (0 ms avg) restart=0
[dash] D: GET /chunk-stream0-01240.m4s
[dash] D: GET /chunk-stream0-01241.m4s
[dash] D: GET /chunk-stream0-01242.m4s
[dash] D: GET /chunk-stream0-01243.m4s
[dash] D: GET /chunk-stream0-01244.m4s
[dash] I: stats: req=3187 mpd=686 seg=2501 404=0 full=3187 prog=0 hold=0 (0 ms avg) restart=0
[dash] D: GET /chunk-stream0-01245.m4s
[dash] D: GET /chunk-stream0-01246.m4s
[dash] D: GET /chunk-stream0-01247.m4s
[dash] D: GET /chunk-stream0-01248.m4s
[dash] D: GET /chunk-stream0-01249.m4s
[dash] I: stats: req=3192 mpd=686 seg=2506 404=0 full=3192 prog=0 hold=0 (0 ms avg) restart=0
[dash] D: GET /chunk-stream0-01250.m4s
[dash] D: GET /chunk-stream0-01251.m4s
[dash] D: GET /chunk-stream0-01252.m4s
[dash] D: GET /chunk-stream0-01253.m4s
[dash] D: GET /chunk-stream0-01254.m4s
[dash] I: stats: req=3197 mpd=686 seg=2511 404=0 full=3197 prog=0 hold=0 (0 ms avg) restart=0
[dash] D: GET /chunk-stream0-01255.m4s
[dash] D: GET /live.mpd
[dash] D: GET /chunk-stream1-01256.m4s
[dash] D: GET /chunk-stream1-01257.m4s
[dash] D: GET /chunk-stream1-01258.m4s
[dash] D: GET /chunk-stream1-01259.m4s
[dash] D: GET /chunk-stream1-01260.m4s
[dash] D: GET /chunk-stream1-01261.m4s
[dash] I: stats: req=3205 mpd=687 seg=2518 404=0 full=3204 prog=0 hold=0 (0 ms avg) restart=0
[dash] I: stats: req=3205 mpd=687 seg=2518 404=0 full=3204 prog=0 hold=0 (0 ms avg) restart=0
[dash] I: stats: req=3205 mpd=687 seg=2518 404=0 full=3204 prog=0 hold=0 (0 ms avg) restart=0
[dash] D: GET /chunk-stream0-01256.m4s
[dash] D: GET /chunk-stream0-01257.m4s
[dash] D: GET /chunk-stream0-01258.m4s
[dash] D: GET /chunk-stream0-01259.m4s
[dash] D: GET /chunk-stream0-01260.m4s
[dash] D: GET /chunk-stream0-01261.m4s
[dash] D: GET /chunk-stream0-01262.m4s
[dash] I: stats: req=3212 mpd=687 seg=2525 404=1 full=3210 prog=0 hold=1 (15031 ms avg) restart=0
[dash] I: stats: req=3212 mpd=687 seg=2525 404=1 full=3210 prog=0 hold=1 (15031 ms avg) restart=0
[dash] I: stats: req=3212 mpd=687 seg=2525 404=1 full=3210 prog=0 hold=1 (15031 ms avg) restart=0
[dash] D: GET /live.mpd
[dash] D: GET /chunk-stream1-01261.m4s
[dash] I: stats: req=3214 mpd=688 seg=2526 404=2 full=3211 prog=0 hold=2 (15034 ms avg) restart=0
[dash] D: GET /live.mpd
[dash] I: stats: req=3215 mpd=689 seg=2526 404=2 full=3212 prog=0 hold=2 (15034 ms avg) restart=0
[dash] D: GET /live.mpd
[dash] D: GET /live.mpd
[dash] I: stats: req=3217 mpd=691 seg=2526 404=2 full=3214 prog=0 hold=2 (15034 ms avg) restart=0
[dash] D: GET /live.mpd
[dash] D: GET /live.mpd
[dash] D: GET /live.mpd
[dash] I: stats: req=3220 mpd=694 seg=2526 404=3 full=3217 prog=0 hold=3 (15033 ms avg) restart=0
[dash] D: GET /live.mpd
[dash] D: GET /live.mpd
[dash] I: stats: req=3222 mpd=696 seg=2526 404=3 full=3219 prog=0 hold=3 (15033 ms avg) restart=0
[dash] D: GET /live.mpd
[dash] D: GET /live.mpd
[dash] D: GET /live.mpd
[dash] I: stats: req=3225 mpd=699 seg=2526 404=3 full=3222 prog=0 hold=3 (15033 ms avg) restart=0
[dash] D: GET /live.mpd
[dash] D: GET /live.mpd
[dash] I: stats: req=3227 mpd=701 seg=2526 404=3 full=3224 prog=0 hold=3 (15033 ms avg) restart=0
[dash] D: GET /live.mpd
[dash] D: GET /live.mpd
[dash] D: GET /live.mpd
[dash] I: stats: req=3230 mpd=704 seg=2526 404=3 full=3227 prog=0 hold=3 (15033 ms avg) restart=0
[dash] D: GET /live.mpd
[dash] D: GET /live.mpd
[dash] I: stats: req=3232 mpd=706 seg=2526 404=3 full=3229 prog=0 hold=3 (15033 ms avg) restart=0
[dash] D: GET /live.mpd
[dash] D: GET /live.mpd
[dash] D: GET /live.mpd
[dash] I: stats: req=3235 mpd=709 seg=2526 404=3 full=3232 prog=0 hold=3 (15033 ms avg) restart=0
[dash] D: GET /live.mpd
[dash] D: GET /live.mpd
[dash] D: GET /live.mpd
[dash] I: stats: req=3238 mpd=712 seg=2526 404=3 full=3235 prog=0 hold=3 (15033 ms avg) restart=0
[dash] D: GET /live.mpd
[dash] D: GET /live.mpd
[dash] I: stats: req=3240 mpd=714 seg=2526 404=3 full=3237 prog=0 hold=3 (15033 ms avg) restart=0
[dash] D: GET /live.mpd
[dash] D: GET /live.mpd
[dash] D: GET /live.mpd
[dash] I: stats: req=3243 mpd=717 seg=2526 404=3 full=3240 prog=0 hold=3 (15033 ms avg) restart=0
[dash] D: GET /live.mpd
[dash] D: GET /live.mpd
[dash] I: stats: req=3245 mpd=719 seg=2526 404=3 full=3242 prog=0 hold=3 (15033 ms avg) restart=0
[dash] D: GET /live.mpd
[dash] D: GET /live.mpd
[dash] D: GET /live.mpd
[dash] I: stats: req=3248 mpd=722 seg=2526 404=3 full=3245 prog=0 hold=3 (15033 ms avg) restart=0
[dash] D: GET /live.mpd
[dash] D: GET /live.mpd
[dash] I: stats: req=3250 mpd=724 seg=2526 404=3 full=3247 prog=0 hold=3 (15033 ms avg) restart=0
[dash] D: GET /live.mpd
[dash] D: GET /live.mpd
[dash] D: GET /live.mpd
